subject;AQ;group;session;daysInBetween;pictureCondition;cancel;ACC;RT1;RTTot;delta_ACC;delta_RT1;delta_RTTot;roi_efield;P99_efield;perc_overlap;volume_roi;volume_P99;volume_overlap
2;9;2;1;4;2;0;1;22690;29201;1,5;-5960;-11432,75;0,281451577;0,334546036;0,203147789;2512,860926;6041,191308;510,4821404
2;9;2;1;4;1;0;0;17001;26260;1,5;-5960;-11432,75;0,281451577;0,334546036;0,203147789;2512,860926;6041,191308;510,4821404
2;9;2;1;4;2;0;1;23328;31686;1,5;-5960;-11432,75;0,281451577;0,334546036;0,203147789;2512,860926;6041,191308;510,4821404
2;9;2;1;4;1;0;6;23511;37189;1,5;-5960;-11432,75;0,281451577;0,334546036;0,203147789;2512,860926;6041,191308;510,4821404
2;9;2;1;4;2;0;6;17780;26612;1,5;-5960;-11432,75;0,281451577;0,334546036;0,203147789;2512,860926;6041,191308;510,4821404
2;9;2;1;4;2;0;1;40600;43793;1,5;-5960;-11432,75;0,281451577;0,334546036;0,203147789;2512,860926;6041,191308;510,4821404
2;9;2;1;4;1;0;2;28504;49737;1,5;-5960;-11432,75;0,281451577;0,334546036;0,203147789;2512,860926;6041,191308;510,4821404
2;9;2;1;4;3;1;2;38230;47645;1,5;-5960;-11432,75;0,281451577;0,334546036;0,203147789;2512,860926;6041,191308;510,4821404
2;9;2;1;4;5;0;3;34809;46139;1,5;-5960;-11432,75;0,281451577;0,334546036;0,203147789;2512,860926;6041,191308;510,4821404
2;9;2;1;4;5;0;3;35686;54555;1,5;-5960;-11432,75;0,281451577;0,334546036;0,203147789;2512,860926;6041,191308;510,4821404
2;9;2;1;4;1;0;6;11908;27683;1,5;-5960;-11432,75;0,281451577;0,334546036;0,203147789;2512,860926;6041,191308;510,4821404
2;9;2;1;4;3;0;1;31758;60642;1,5;-5960;-11432,75;0,281451577;0,334546036;0,203147789;2512,860926;6041,191308;510,4821404
2;9;2;1;4;5;0;0;21130;47371;1,5;-5960;-11432,75;0,281451577;0,334546036;0,203147789;2512,860926;6041,191308;510,4821404
2;9;2;1;4;5;0;6;17251;36848;1,5;-5960;-11432,75;0,281451577;0,334546036;0,203147789;2512,860926;6041,191308;510,4821404
2;9;2;1;4;3;0;0;24526;42060;1,5;-5960;-11432,75;0,281451577;0,334546036;0,203147789;2512,860926;6041,191308;510,4821404
2;9;2;1;4;3;0;0;16415;37816;1,5;-5960;-11432,75;0,281451577;0,334546036;0,203147789;2512,860926;6041,191308;510,4821404
2;9;2;2;4;2;0;6;16598;25968;1,5;-5960;-11432,75;0,281451577;0,334546036;0,203147789;2512,860926;6041,191308;510,4821404
2;9;2;2;4;1;1;6;11705;18425;1,5;-5960;-11432,75;0,281451577;0,334546036;0,203147789;2512,860926;6041,191308;510,4821404
2;9;2;2;4;2;0;6;12724;22329;1,5;-5960;-11432,75;0,281451577;0,334546036;0,203147789;2512,860926;6041,191308;510,4821404
2;9;2;2;4;5;0;0;16568;37165;1,5;-5960;-11432,75;0,281451577;0,334546036;0,203147789;2512,860926;6041,191308;510,4821404
2;9;2;2;4;5;0;6;30476;37980;1,5;-5960;-11432,75;0,281451577;0,334546036;0,203147789;2512,860926;6041,191308;510,4821404
2;9;2;2;4;2;1;6;16391;20253;1,5;-5960;-11432,75;0,281451577;0,334546036;0,203147789;2512,860926;6041,191308;510,4821404
2;9;2;2;4;3;0;2;7061;11425;1,5;-5960;-11432,75;0,281451577;0,334546036;0,203147789;2512,860926;6041,191308;510,4821404
2;9;2;2;4;3;0;0;24933;32655;1,5;-5960;-11432,75;0,281451577;0,334546036;0,203147789;2512,860926;6041,191308;510,4821404
2;9;2;2;4;5;0;0;23309;34239;1,5;-5960;-11432,75;0,281451577;0,334546036;0,203147789;2512,860926;6041,191308;510,4821404
2;9;2;2;4;3;0;3;25393;41829;1,5;-5960;-11432,75;0,281451577;0,334546036;0,203147789;2512,860926;6041,191308;510,4821404
2;9;2;2;4;2;0;6;17635;31870;1,5;-5960;-11432,75;0,281451577;0,334546036;0,203147789;2512,860926;6041,191308;510,4821404
2;9;2;2;4;3;0;0;15083;27408;1,5;-5960;-11432,75;0,281451577;0,334546036;0,203147789;2512,860926;6041,191308;510,4821404
2;9;2;2;4;1;0;6;17201;25028;1,5;-5960;-11432,75;0,281451577;0,334546036;0,203147789;2512,860926;6041,191308;510,4821404
2;9;2;2;4;1;0;3;27230;35949;1,5;-5960;-11432,75;0,281451577;0,334546036;0,203147789;2512,860926;6041,191308;510,4821404
2;9;2;2;4;1;0;6;28715;33174;1,5;-5960;-11432,75;0,281451577;0,334546036;0,203147789;2512,860926;6041,191308;510,4821404
2;9;2;2;4;5;0;6;18745;26616;1,5;-5960;-11432,75;0,281451577;0,334546036;0,203147789;2512,860926;6041,191308;510,4821404
3;15;1;1;5;5;0;6;14893;33497;0,5;-980,625;-1462,75;0,166903233;0,185792843;0,207770252;3090,625403;6588,785485;642,1400173
3;15;1;1;5;2;0;6;14425;19387;0,5;-980,625;-1462,75;0,166903233;0,185792843;0,207770252;3090,625403;6588,785485;642,1400173
3;15;1;1;5;3;0;0;21590;29969;0,5;-980,625;-1462,75;0,166903233;0,185792843;0,207770252;3090,625403;6588,785485;642,1400173
3;15;1;1;5;1;1;6;9338;14951;0,5;-980,625;-1462,75;0,166903233;0,185792843;0,207770252;3090,625403;6588,785485;642,1400173
3;15;1;1;5;5;0;6;9897;14808;0,5;-980,625;-1462,75;0,166903233;0,185792843;0,207770252;3090,625403;6588,785485;642,1400173
3;15;1;1;5;5;0;2;15086;20819;0,5;-980,625;-1462,75;0,166903233;0,185792843;0,207770252;3090,625403;6588,785485;642,1400173
3;15;1;1;5;3;0;6;18277;24040;0,5;-980,625;-1462,75;0,166903233;0,185792843;0,207770252;3090,625403;6588,785485;642,1400173
3;15;1;1;5;1;0;6;18808;22432;0,5;-980,625;-1462,75;0,166903233;0,185792843;0,207770252;3090,625403;6588,785485;642,1400173
3;15;1;1;5;1;0;6;12483;19892;0,5;-980,625;-1462,75;0,166903233;0,185792843;0,207770252;3090,625403;6588,785485;642,1400173
3;15;1;1;5;3;0;2;19327;24102;0,5;-980,625;-1462,75;0,166903233;0,185792843;0,207770252;3090,625403;6588,785485;642,1400173
3;15;1;1;5;3;0;6;24323;31113;0,5;-980,625;-1462,75;0,166903233;0,185792843;0,207770252;3090,625403;6588,785485;642,1400173
3;15;1;1;5;2;0;6;31027;35379;0,5;-980,625;-1462,75;0,166903233;0,185792843;0,207770252;3090,625403;6588,785485;642,1400173
3;15;1;1;5;2;0;3;34685;42623;0,5;-980,625;-1462,75;0,166903233;0,185792843;0,207770252;3090,625403;6588,785485;642,1400173
3;15;1;1;5;2;0;0;18580;23153;0,5;-980,625;-1462,75;0,166903233;0,185792843;0,207770252;3090,625403;6588,785485;642,1400173
3;15;1;1;5;5;0;0;37791;44905;0,5;-980,625;-1462,75;0,166903233;0,185792843;0,207770252;3090,625403;6588,785485;642,1400173
3;15;1;1;5;1;0;6;15551;20135;0,5;-980,625;-1462,75;0,166903233;0,185792843;0,207770252;3090,625403;6588,785485;642,1400173
3;15;1;2;5;1;0;0;36649;40915;0,5;-980,625;-1462,75;0,166903233;0,185792843;0,207770252;3090,625403;6588,785485;642,1400173
3;15;1;2;5;3;0;0;21196;31063;0,5;-980,625;-1462,75;0,166903233;0,185792843;0,207770252;3090,625403;6588,785485;642,1400173
3;15;1;2;5;3;0;2;23653;32412;0,5;-980,625;-1462,75;0,166903233;0,185792843;0,207770252;3090,625403;6588,785485;642,1400173
3;15;1;2;5;2;0;6;17433;25184;0,5;-980,625;-1462,75;0,166903233;0,185792843;0,207770252;3090,625403;6588,785485;642,1400173
3;15;1;2;5;1;0;6;11876;16090;0,5;-980,625;-1462,75;0,166903233;0,185792843;0,207770252;3090,625403;6588,785485;642,1400173
3;15;1;2;5;2;0;6;12705;16840;0,5;-980,625;-1462,75;0,166903233;0,185792843;0,207770252;3090,625403;6588,785485;642,1400173
3;15;1;2;5;2;0;6;9045;14858;0,5;-980,625;-1462,75;0,166903233;0,185792843;0,207770252;3090,625403;6588,785485;642,1400173
3;15;1;2;5;1;0;6;21554;23902;0,5;-980,625;-1462,75;0,166903233;0,185792843;0,207770252;3090,625403;6588,785485;642,1400173
3;15;1;2;5;5;0;2;19272;34895;0,5;-980,625;-1462,75;0,166903233;0,185792843;0,207770252;3090,625403;6588,785485;642,1400173
3;15;1;2;5;5;0;0;30250;34511;0,5;-980,625;-1462,75;0,166903233;0,185792843;0,207770252;3090,625403;6588,785485;642,1400173
3;15;1;2;5;3;0;3;11660;15457;0,5;-980,625;-1462,75;0,166903233;0,185792843;0,207770252;3090,625403;6588,785485;642,1400173
3;15;1;2;5;2;0;4;34628;40075;0,5;-980,625;-1462,75;0,166903233;0,185792843;0,207770252;3090,625403;6588,785485;642,1400173
3;15;1;2;5;3;0;0;14909;21254;0,5;-980,625;-1462,75;0,166903233;0,185792843;0,207770252;3090,625403;6588,785485;642,1400173
3;15;1;2;5;1;0;6;18884;25217;0,5;-980,625;-1462,75;0,166903233;0,185792843;0,207770252;3090,625403;6588,785485;642,1400173
3;15;1;2;5;5;0;6;31034;36260;0,5;-980,625;-1462,75;0,166903233;0,185792843;0,207770252;3090,625403;6588,785485;642,1400173
3;15;1;2;5;5;1;6;17023;35676;0,5;-980,625;-1462,75;0,166903233;0,185792843;0,207770252;3090,625403;6588,785485;642,1400173
4;11;1;1;7;5;0;6;39441;57912;-0,25;4191,4375;5284,0625;0,261562018;0,299397594;0,292116516;3142,613931;7226,917774;918,0094338
4;11;1;1;7;3;0;2;42272;53616;-0,25;4191,4375;5284,0625;0,261562018;0,299397594;0,292116516;3142,613931;7226,917774;918,0094338
4;11;1;1;7;2;0;0;26727;48185;-0,25;4191,4375;5284,0625;0,261562018;0,299397594;0,292116516;3142,613931;7226,917774;918,0094338
4;11;1;1;7;2;0;2;22003;28732;-0,25;4191,4375;5284,0625;0,261562018;0,299397594;0,292116516;3142,613931;7226,917774;918,0094338
4;11;1;1;7;5;0;6;31924;43822;-0,25;4191,4375;5284,0625;0,261562018;0,299397594;0,292116516;3142,613931;7226,917774;918,0094338
4;11;1;1;7;5;0;6;14754;26283;-0,25;4191,4375;5284,0625;0,261562018;0,299397594;0,292116516;3142,613931;7226,917774;918,0094338
4;11;1;1;7;1;0;0;20850;28049;-0,25;4191,4375;5284,0625;0,261562018;0,299397594;0,292116516;3142,613931;7226,917774;918,0094338
4;11;1;1;7;5;0;4;26223;44222;-0,25;4191,4375;5284,0625;0,261562018;0,299397594;0,292116516;3142,613931;7226,917774;918,0094338
4;11;1;1;7;1;0;6;20447;30548;-0,25;4191,4375;5284,0625;0,261562018;0,299397594;0,292116516;3142,613931;7226,917774;918,0094338
4;11;1;1;7;3;1;6;20987;25308;-0,25;4191,4375;5284,0625;0,261562018;0,299397594;0,292116516;3142,613931;7226,917774;918,0094338
4;11;1;1;7;2;0;3;13516;22219;-0,25;4191,4375;5284,0625;0,261562018;0,299397594;0,292116516;3142,613931;7226,917774;918,0094338
4;11;1;1;7;1;0;6;23159;38010;-0,25;4191,4375;5284,0625;0,261562018;0,299397594;0,292116516;3142,613931;7226,917774;918,0094338
4;11;1;1;7;2;0;6;16073;32595;-0,25;4191,4375;5284,0625;0,261562018;0,299397594;0,292116516;3142,613931;7226,917774;918,0094338
4;11;1;1;7;3;1;6;15102;43369;-0,25;4191,4375;5284,0625;0,261562018;0,299397594;0,292116516;3142,613931;7226,917774;918,0094338
4;11;1;1;7;3;0;6;13442;18955;-0,25;4191,4375;5284,0625;0,261562018;0,299397594;0,292116516;3142,613931;7226,917774;918,0094338
4;11;1;1;7;1;0;6;14741;20920;-0,25;4191,4375;5284,0625;0,261562018;0,299397594;0,292116516;3142,613931;7226,917774;918,0094338
4;11;1;2;7;5;0;6;20738;24898;-0,25;4191,4375;5284,0625;0,261562018;0,299397594;0,292116516;3142,613931;7226,917774;918,0094338
4;11;1;2;7;2;0;3;10405;21303;-0,25;4191,4375;5284,0625;0,261562018;0,299397594;0,292116516;3142,613931;7226,917774;918,0094338
4;11;1;2;7;5;0;6;18207;30098;-0,25;4191,4375;5284,0625;0,261562018;0,299397594;0,292116516;3142,613931;7226,917774;918,0094338
4;11;1;2;7;2;0;4;18698;67572;-0,25;4191,4375;5284,0625;0,261562018;0,299397594;0,292116516;3142,613931;7226,917774;918,0094338
4;11;1;2;7;3;0;6;37147;45970;-0,25;4191,4375;5284,0625;0,261562018;0,299397594;0,292116516;3142,613931;7226,917774;918,0094338
4;11;1;2;7;1;0;6;9428;16674;-0,25;4191,4375;5284,0625;0,261562018;0,299397594;0,292116516;3142,613931;7226,917774;918,0094338
4;11;1;2;7;5;0;6;37203;53033;-0,25;4191,4375;5284,0625;0,261562018;0,299397594;0,292116516;3142,613931;7226,917774;918,0094338
4;11;1;2;7;1;0;6;12792;17772;-0,25;4191,4375;5284,0625;0,261562018;0,299397594;0,292116516;3142,613931;7226,917774;918,0094338
4;11;1;2;7;1;0;6;7864;13043;-0,25;4191,4375;5284,0625;0,261562018;0,299397594;0,292116516;3142,613931;7226,917774;918,0094338
4;11;1;2;7;2;1;0;22346;34746;-0,25;4191,4375;5284,0625;0,261562018;0,299397594;0,292116516;3142,613931;7226,917774;918,0094338
4;11;1;2;7;5;0;4;10494;19539;-0,25;4191,4375;5284,0625;0,261562018;0,299397594;0,292116516;3142,613931;7226,917774;918,0094338
4;11;1;2;7;3;0;2;17873;35411;-0,25;4191,4375;5284,0625;0,261562018;0,299397594;0,292116516;3142,613931;7226,917774;918,0094338
4;11;1;2;7;3;0;2;37767;45405;-0,25;4191,4375;5284,0625;0,261562018;0,299397594;0,292116516;3142,613931;7226,917774;918,0094338
4;11;1;2;7;1;0;6;8042;15908;-0,25;4191,4375;5284,0625;0,261562018;0,299397594;0,292116516;3142,613931;7226,917774;918,0094338
4;11;1;2;7;3;0;6;16656;22736;-0,25;4191,4375;5284,0625;0,261562018;0,299397594;0,292116516;3142,613931;7226,917774;918,0094338
4;11;1;2;7;2;0;6;8938;14092;-0,25;4191,4375;5284,0625;0,261562018;0,299397594;0,292116516;3142,613931;7226,917774;918,0094338
5;8;1;1;7;1;0;0;21110;27303;-2;3348,0625;3134,8125;0,248799793;0,331001019;0,00671441;3185,865067;6101,230614;21,3912045
5;8;1;1;7;5;0;3;21437;41890;-2;3348,0625;3134,8125;0,248799793;0,331001019;0,00671441;3185,865067;6101,230614;21,3912045
5;8;1;1;7;5;0;0;22569;32746;-2;3348,0625;3134,8125;0,248799793;0,331001019;0,00671441;3185,865067;6101,230614;21,3912045
5;8;1;1;7;3;0;0;25204;31446;-2;3348,0625;3134,8125;0,248799793;0,331001019;0,00671441;3185,865067;6101,230614;21,3912045
5;8;1;1;7;2;0;6;44016;50551;-2;3348,0625;3134,8125;0,248799793;0,331001019;0,00671441;3185,865067;6101,230614;21,3912045
5;8;1;1;7;3;0;0;31813;44722;-2;3348,0625;3134,8125;0,248799793;0,331001019;0,00671441;3185,865067;6101,230614;21,3912045
5;8;1;1;7;1;0;6;21679;28348;-2;3348,0625;3134,8125;0,248799793;0,331001019;0,00671441;3185,865067;6101,230614;21,3912045
5;8;1;1;7;3;0;0;20290;31829;-2;3348,0625;3134,8125;0,248799793;0,331001019;0,00671441;3185,865067;6101,230614;21,3912045
5;8;1;1;7;5;0;0;28981;36510;-2;3348,0625;3134,8125;0,248799793;0,331001019;0,00671441;3185,865067;6101,230614;21,3912045
5;8;1;1;7;2;0;6;14891;24318;-2;3348,0625;3134,8125;0,248799793;0,331001019;0,00671441;3185,865067;6101,230614;21,3912045
5;8;1;1;7;5;0;6;26217;34528;-2;3348,0625;3134,8125;0,248799793;0,331001019;0,00671441;3185,865067;6101,230614;21,3912045
5;8;1;1;7;2;0;6;18886;27050;-2;3348,0625;3134,8125;0,248799793;0,331001019;0,00671441;3185,865067;6101,230614;21,3912045
5;8;1;1;7;1;0;6;11893;18222;-2;3348,0625;3134,8125;0,248799793;0,331001019;0,00671441;3185,865067;6101,230614;21,3912045
5;8;1;1;7;1;0;6;12976;18655;-2;3348,0625;3134,8125;0,248799793;0,331001019;0,00671441;3185,865067;6101,230614;21,3912045
5;8;1;1;7;2;0;6;19842;27166;-2;3348,0625;3134,8125;0,248799793;0,331001019;0,00671441;3185,865067;6101,230614;21,3912045
5;8;1;1;7;3;0;3;19976;30431;-2;3348,0625;3134,8125;0,248799793;0,331001019;0,00671441;3185,865067;6101,230614;21,3912045
5;8;1;2;7;5;0;6;16762;26100;-2;3348,0625;3134,8125;0,248799793;0,331001019;0,00671441;3185,865067;6101,230614;21,3912045
5;8;1;2;7;1;0;6;11233;15491;-2;3348,0625;3134,8125;0,248799793;0,331001019;0,00671441;3185,865067;6101,230614;21,3912045
5;8;1;2;7;5;0;6;19030;26283;-2;3348,0625;3134,8125;0,248799793;0,331001019;0,00671441;3185,865067;6101,230614;21,3912045
5;8;1;2;7;2;0;3;29681;36510;-2;3348,0625;3134,8125;0,248799793;0,331001019;0,00671441;3185,865067;6101,230614;21,3912045
5;8;1;2;7;3;0;2;34387;42073;-2;3348,0625;3134,8125;0,248799793;0,331001019;0,00671441;3185,865067;6101,230614;21,3912045
5;8;1;2;7;2;0;6;10812;16757;-2;3348,0625;3134,8125;0,248799793;0,331001019;0,00671441;3185,865067;6101,230614;21,3912045
5;8;1;2;7;3;1;3;22152;46546;-2;3348,0625;3134,8125;0,248799793;0,331001019;0,00671441;3185,865067;6101,230614;21,3912045
5;8;1;2;7;5;0;6;13265;19604;-2;3348,0625;3134,8125;0,248799793;0,331001019;0,00671441;3185,865067;6101,230614;21,3912045
5;8;1;2;7;2;0;6;9500;18708;-2;3348,0625;3134,8125;0,248799793;0,331001019;0,00671441;3185,865067;6101,230614;21,3912045
5;8;1;2;7;3;0;3;20279;42973;-2;3348,0625;3134,8125;0,248799793;0,331001019;0,00671441;3185,865067;6101,230614;21,3912045
5;8;1;2;7;1;0;6;7809;13958;-2;3348,0625;3134,8125;0,248799793;0,331001019;0,00671441;3185,865067;6101,230614;21,3912045
5;8;1;2;7;3;0;6;12226;18805;-2;3348,0625;3134,8125;0,248799793;0,331001019;0,00671441;3185,865067;6101,230614;21,3912045
5;8;1;2;7;1;0;6;39481;44155;-2;3348,0625;3134,8125;0,248799793;0,331001019;0,00671441;3185,865067;6101,230614;21,3912045
5;8;1;2;7;1;0;6;7785;12909;-2;3348,0625;3134,8125;0,248799793;0,331001019;0,00671441;3185,865067;6101,230614;21,3912045
5;8;1;2;7;2;0;6;15767;22603;-2;3348,0625;3134,8125;0,248799793;0,331001019;0,00671441;3185,865067;6101,230614;21,3912045
5;8;1;2;7;5;0;3;38042;52083;-2;3348,0625;3134,8125;0,248799793;0,331001019;0,00671441;3185,865067;6101,230614;21,3912045
6;15;1;1;14;2;0;6;9655;15951;-0,9375;-172,25;1977,6875;0,319773012;0,471922653;0,024598231;2500,606944;6533,723062;61,5105084
6;15;1;1;14;3;0;0;15608;33412;-0,9375;-172,25;1977,6875;0,319773012;0,471922653;0,024598231;2500,606944;6533,723062;61,5105084
6;15;1;1;14;1;0;6;30390;44338;-0,9375;-172,25;1977,6875;0,319773012;0,471922653;0,024598231;2500,606944;6533,723062;61,5105084
6;15;1;1;14;5;0;0;17939;31330;-0,9375;-172,25;1977,6875;0,319773012;0,471922653;0,024598231;2500,606944;6533,723062;61,5105084
6;15;1;1;14;5;0;3;15463;51883;-0,9375;-172,25;1977,6875;0,319773012;0,471922653;0,024598231;2500,606944;6533,723062;61,5105084
6;15;1;1;14;5;0;6;8711;13341;-0,9375;-172,25;1977,6875;0,319773012;0,471922653;0,024598231;2500,606944;6533,723062;61,5105084
6;15;1;1;14;1;0;6;18555;25833;-0,9375;-172,25;1977,6875;0,319773012;0,471922653;0,024598231;2500,606944;6533,723062;61,5105084
6;15;1;1;14;3;0;6;18361;43655;-0,9375;-172,25;1977,6875;0,319773012;0,471922653;0,024598231;2500,606944;6533,723062;61,5105084
6;15;1;1;14;1;1;3;40315;44720;-0,9375;-172,25;1977,6875;0,319773012;0,471922653;0,024598231;2500,606944;6533,723062;61,5105084
6;15;1;1;14;2;0;2;15438;19221;-0,9375;-172,25;1977,6875;0,319773012;0,471922653;0,024598231;2500,606944;6533,723062;61,5105084
6;15;1;1;14;3;0;2;62736;69505;-0,9375;-172,25;1977,6875;0,319773012;0,471922653;0,024598231;2500,606944;6533,723062;61,5105084
6;15;1;1;14;1;0;6;22469;29665;-0,9375;-172,25;1977,6875;0,319773012;0,471922653;0,024598231;2500,606944;6533,723062;61,5105084
6;15;1;1;14;5;0;6;26253;33296;-0,9375;-172,25;1977,6875;0,319773012;0,471922653;0,024598231;2500,606944;6533,723062;61,5105084
6;15;1;1;14;2;0;6;19779;26084;-0,9375;-172,25;1977,6875;0,319773012;0,471922653;0,024598231;2500,606944;6533,723062;61,5105084
6;15;1;1;14;2;1;6;12369;48602;-0,9375;-172,25;1977,6875;0,319773012;0,471922653;0,024598231;2500,606944;6533,723062;61,5105084
6;15;1;1;14;3;0;0;18862;27116;-0,9375;-172,25;1977,6875;0,319773012;0,471922653;0,024598231;2500,606944;6533,723062;61,5105084
6;15;1;2;14;5;0;3;27549;32373;-0,9375;-172,25;1977,6875;0,319773012;0,471922653;0,024598231;2500,606944;6533,723062;61,5105084
6;15;1;2;14;3;0;0;32996;50340;-0,9375;-172,25;1977,6875;0,319773012;0,471922653;0,024598231;2500,606944;6533,723062;61,5105084
6;15;1;2;14;5;0;6;23843;31054;-0,9375;-172,25;1977,6875;0,319773012;0,471922653;0,024598231;2500,606944;6533,723062;61,5105084
6;15;1;2;14;2;0;3;41480;60445;-0,9375;-172,25;1977,6875;0,319773012;0,471922653;0,024598231;2500,606944;6533,723062;61,5105084
6;15;1;2;14;2;0;6;27008;34706;-0,9375;-172,25;1977,6875;0,319773012;0,471922653;0,024598231;2500,606944;6533,723062;61,5105084
6;15;1;2;14;3;0;6;20187;36465;-0,9375;-172,25;1977,6875;0,319773012;0,471922653;0,024598231;2500,606944;6533,723062;61,5105084
6;15;1;2;14;1;0;6;16017;22380;-0,9375;-172,25;1977,6875;0,319773012;0,471922653;0,024598231;2500,606944;6533,723062;61,5105084
6;15;1;2;14;5;0;6;21434;45307;-0,9375;-172,25;1977,6875;0,319773012;0,471922653;0,024598231;2500,606944;6533,723062;61,5105084
6;15;1;2;14;5;0;6;36519;48503;-0,9375;-172,25;1977,6875;0,319773012;0,471922653;0,024598231;2500,606944;6533,723062;61,5105084
6;15;1;2;14;2;0;6;9547;18833;-0,9375;-172,25;1977,6875;0,319773012;0,471922653;0,024598231;2500,606944;6533,723062;61,5105084
6;15;1;2;14;1;0;6;8649;13172;-0,9375;-172,25;1977,6875;0,319773012;0,471922653;0,024598231;2500,606944;6533,723062;61,5105084
6;15;1;2;14;1;1;3;8027;13653;-0,9375;-172,25;1977,6875;0,319773012;0,471922653;0,024598231;2500,606944;6533,723062;61,5105084
6;15;1;2;14;2;0;6;19886;32053;-0,9375;-172,25;1977,6875;0,319773012;0,471922653;0,024598231;2500,606944;6533,723062;61,5105084
6;15;1;2;14;3;0;6;13305;20219;-0,9375;-172,25;1977,6875;0,319773012;0,471922653;0,024598231;2500,606944;6533,723062;61,5105084
6;15;1;2;14;3;0;4;24776;34950;-0,9375;-172,25;1977,6875;0,319773012;0,471922653;0,024598231;2500,606944;6533,723062;61,5105084
6;15;1;2;14;1;0;6;24436;31856;-0,9375;-172,25;1977,6875;0,319773012;0,471922653;0,024598231;2500,606944;6533,723062;61,5105084
7;15;2;1;3;2;1;6;9973;22098;-1;2164,3125;4210,3125;0,194656438;0,2621275;0,190413283;1984,067017;6913,040045;377,792715
7;15;2;1;3;2;0;4;13915;27267;-1;2164,3125;4210,3125;0,194656438;0,2621275;0,190413283;1984,067017;6913,040045;377,792715
7;15;2;1;3;1;1;6;22166;30105;-1;2164,3125;4210,3125;0,194656438;0,2621275;0,190413283;1984,067017;6913,040045;377,792715
7;15;2;1;3;3;0;2;8971;16507;-1;2164,3125;4210,3125;0,194656438;0,2621275;0,190413283;1984,067017;6913,040045;377,792715
7;15;2;1;3;5;0;6;15785;25234;-1;2164,3125;4210,3125;0,194656438;0,2621275;0,190413283;1984,067017;6913,040045;377,792715
7;15;2;1;3;2;0;6;9641;13958;-1;2164,3125;4210,3125;0,194656438;0,2621275;0,190413283;1984,067017;6913,040045;377,792715
7;15;2;1;3;2;1;6;13587;19655;-1;2164,3125;4210,3125;0,194656438;0,2621275;0,190413283;1984,067017;6913,040045;377,792715
7;15;2;1;3;3;1;0;30380;45088;-1;2164,3125;4210,3125;0,194656438;0,2621275;0,190413283;1984,067017;6913,040045;377,792715
7;15;2;1;3;5;0;6;12761;18955;-1;2164,3125;4210,3125;0,194656438;0,2621275;0,190413283;1984,067017;6913,040045;377,792715
7;15;2;1;3;1;0;6;7215;14025;-1;2164,3125;4210,3125;0,194656438;0,2621275;0,190413283;1984,067017;6913,040045;377,792715
7;15;2;1;3;1;0;6;9802;16573;-1;2164,3125;4210,3125;0,194656438;0,2621275;0,190413283;1984,067017;6913,040045;377,792715
7;15;2;1;3;3;0;3;16976;30547;-1;2164,3125;4210,3125;0,194656438;0,2621275;0,190413283;1984,067017;6913,040045;377,792715
7;15;2;1;3;5;0;4;24485;33313;-1;2164,3125;4210,3125;0,194656438;0,2621275;0,190413283;1984,067017;6913,040045;377,792715
7;15;2;1;3;5;0;6;8896;17190;-1;2164,3125;4210,3125;0,194656438;0,2621275;0,190413283;1984,067017;6913,040045;377,792715
7;15;2;1;3;1;1;6;12082;18673;-1;2164,3125;4210,3125;0,194656438;0,2621275;0,190413283;1984,067017;6913,040045;377,792715
7;15;2;1;3;3;0;6;23369;31713;-1;2164,3125;4210,3125;0,194656438;0,2621275;0,190413283;1984,067017;6913,040045;377,792715
7;15;2;2;3;2;0;2;28449;41018;-1;2164,3125;4210,3125;0,194656438;0,2621275;0,190413283;1984,067017;6913,040045;377,792715
7;15;2;2;3;3;0;0;34055;42256;-1;2164,3125;4210,3125;0,194656438;0,2621275;0,190413283;1984,067017;6913,040045;377,792715
7;15;2;2;3;5;1;0;22736;38859;-1;2164,3125;4210,3125;0,194656438;0,2621275;0,190413283;1984,067017;6913,040045;377,792715
7;15;2;2;3;3;0;6;19327;27899;-1;2164,3125;4210,3125;0,194656438;0,2621275;0,190413283;1984,067017;6913,040045;377,792715
7;15;2;2;3;1;0;0;14225;27417;-1;2164,3125;4210,3125;0,194656438;0,2621275;0,190413283;1984,067017;6913,040045;377,792715
7;15;2;2;3;1;0;6;12177;21521;-1;2164,3125;4210,3125;0,194656438;0,2621275;0,190413283;1984,067017;6913,040045;377,792715
7;15;2;2;3;2;0;6;11240;17206;-1;2164,3125;4210,3125;0,194656438;0,2621275;0,190413283;1984,067017;6913,040045;377,792715
7;15;2;2;3;3;0;3;25996;47170;-1;2164,3125;4210,3125;0,194656438;0,2621275;0,190413283;1984,067017;6913,040045;377,792715
7;15;2;2;3;1;0;3;16591;24118;-1;2164,3125;4210,3125;0,194656438;0,2621275;0,190413283;1984,067017;6913,040045;377,792715
7;15;2;2;3;3;1;6;13742;22660;-1;2164,3125;4210,3125;0,194656438;0,2621275;0,190413283;1984,067017;6913,040045;377,792715
7;15;2;2;3;5;1;6;9486;28576;-1;2164,3125;4210,3125;0,194656438;0,2621275;0,190413283;1984,067017;6913,040045;377,792715
7;15;2;2;3;5;1;0;19238;33845;-1;2164,3125;4210,3125;0,194656438;0,2621275;0,190413283;1984,067017;6913,040045;377,792715
7;15;2;2;3;2;0;6;11310;14891;-1;2164,3125;4210,3125;0,194656438;0,2621275;0,190413283;1984,067017;6913,040045;377,792715
7;15;2;2;3;1;0;6;8595;14441;-1;2164,3125;4210,3125;0,194656438;0,2621275;0,190413283;1984,067017;6913,040045;377,792715
7;15;2;2;3;2;0;6;10427;16274;-1;2164,3125;4210,3125;0,194656438;0,2621275;0,190413283;1984,067017;6913,040045;377,792715
7;15;2;2;3;5;1;2;17039;30115;-1;2164,3125;4210,3125;0,194656438;0,2621275;0,190413283;1984,067017;6913,040045;377,792715
8;11;2;1;3;5;0;1;22681;43581;0,5;1706,5;1094,5625;0,300215678;0,348609683;0,237425261;3009,385047;7274,88246;714,5040298
8;11;2;1;3;3;0;0;22269;32995;0,5;1706,5;1094,5625;0,300215678;0,348609683;0,237425261;3009,385047;7274,88246;714,5040298
8;11;2;1;3;2;0;6;12149;22487;0,5;1706,5;1094,5625;0,300215678;0,348609683;0,237425261;3009,385047;7274,88246;714,5040298
8;11;2;1;3;2;0;6;25611;35944;0,5;1706,5;1094,5625;0,300215678;0,348609683;0,237425261;3009,385047;7274,88246;714,5040298
8;11;2;1;3;3;0;2;18578;42955;0,5;1706,5;1094,5625;0,300215678;0,348609683;0,237425261;3009,385047;7274,88246;714,5040298
8;11;2;1;3;1;0;6;14907;24267;0,5;1706,5;1094,5625;0,300215678;0,348609683;0,237425261;3009,385047;7274,88246;714,5040298
8;11;2;1;3;5;1;6;21880;45140;0,5;1706,5;1094,5625;0,300215678;0,348609683;0,237425261;3009,385047;7274,88246;714,5040298
8;11;2;1;3;5;0;6;23598;32929;0,5;1706,5;1094,5625;0,300215678;0,348609683;0,237425261;3009,385047;7274,88246;714,5040298
8;11;2;1;3;1;0;6;12426;20238;0,5;1706,5;1094,5625;0,300215678;0,348609683;0,237425261;3009,385047;7274,88246;714,5040298
8;11;2;1;3;2;0;6;20805;28233;0,5;1706,5;1094,5625;0,300215678;0,348609683;0,237425261;3009,385047;7274,88246;714,5040298
8;11;2;1;3;3;1;4;20054;25201;0,5;1706,5;1094,5625;0,300215678;0,348609683;0,237425261;3009,385047;7274,88246;714,5040298
8;11;2;1;3;2;0;6;35178;50884;0,5;1706,5;1094,5625;0,300215678;0,348609683;0,237425261;3009,385047;7274,88246;714,5040298
8;11;2;1;3;1;0;6;21976;36843;0,5;1706,5;1094,5625;0,300215678;0,348609683;0,237425261;3009,385047;7274,88246;714,5040298
8;11;2;1;3;5;0;0;13909;17007;0,5;1706,5;1094,5625;0,300215678;0,348609683;0,237425261;3009,385047;7274,88246;714,5040298
8;11;2;1;3;3;0;2;27154;50201;0,5;1706,5;1094,5625;0,300215678;0,348609683;0,237425261;3009,385047;7274,88246;714,5040298
8;11;2;1;3;1;0;4;33575;40958;0,5;1706,5;1094,5625;0,300215678;0,348609683;0,237425261;3009,385047;7274,88246;714,5040298
8;11;2;2;3;3;0;0;22295;41133;0,5;1706,5;1094,5625;0,300215678;0,348609683;0,237425261;3009,385047;7274,88246;714,5040298
8;11;2;2;3;1;1;6;21401;41418;0,5;1706,5;1094,5625;0,300215678;0,348609683;0,237425261;3009,385047;7274,88246;714,5040298
8;11;2;2;3;3;0;2;36577;46654;0,5;1706,5;1094,5625;0,300215678;0,348609683;0,237425261;3009,385047;7274,88246;714,5040298
8;11;2;2;3;2;0;6;27706;38059;0,5;1706,5;1094,5625;0,300215678;0,348609683;0,237425261;3009,385047;7274,88246;714,5040298
8;11;2;2;3;3;0;6;17035;24302;0,5;1706,5;1094,5625;0,300215678;0,348609683;0,237425261;3009,385047;7274,88246;714,5040298
8;11;2;2;3;3;0;6;23790;33979;0,5;1706,5;1094,5625;0,300215678;0,348609683;0,237425261;3009,385047;7274,88246;714,5040298
8;11;2;2;3;2;0;6;13175;17555;0,5;1706,5;1094,5625;0,300215678;0,348609683;0,237425261;3009,385047;7274,88246;714,5040298
8;11;2;2;3;5;0;1;50667;67789;0,5;1706,5;1094,5625;0,300215678;0,348609683;0,237425261;3009,385047;7274,88246;714,5040298
8;11;2;2;3;1;0;6;14718;22653;0,5;1706,5;1094,5625;0,300215678;0,348609683;0,237425261;3009,385047;7274,88246;714,5040298
8;11;2;2;3;5;0;2;26789;44271;0,5;1706,5;1094,5625;0,300215678;0,348609683;0,237425261;3009,385047;7274,88246;714,5040298
8;11;2;2;3;2;0;4;30435;44288;0,5;1706,5;1094,5625;0,300215678;0,348609683;0,237425261;3009,385047;7274,88246;714,5040298
8;11;2;2;3;5;0;6;19271;33295;0,5;1706,5;1094,5625;0,300215678;0,348609683;0,237425261;3009,385047;7274,88246;714,5040298
8;11;2;2;3;1;0;6;27209;46254;0,5;1706,5;1094,5625;0,300215678;0,348609683;0,237425261;3009,385047;7274,88246;714,5040298
8;11;2;2;3;2;0;6;13570;22336;0,5;1706,5;1094,5625;0,300215678;0,348609683;0,237425261;3009,385047;7274,88246;714,5040298
8;11;2;2;3;5;0;6;18613;27033;0,5;1706,5;1094,5625;0,300215678;0,348609683;0,237425261;3009,385047;7274,88246;714,5040298
8;11;2;2;3;1;0;6;10803;16357;0,5;1706,5;1094,5625;0,300215678;0,348609683;0,237425261;3009,385047;7274,88246;714,5040298
9;12;2;1;1;3;0;0;31152;77986;1;-2808,1875;-9417,875;0,278051974;0,323487409;0,213286374;3213,700414;6650,664035;685,4385098
9;12;2;1;1;5;1;3;32796;55397;1;-2808,1875;-9417,875;0,278051974;0,323487409;0,213286374;3213,700414;6650,664035;685,4385098
9;12;2;1;1;2;1;3;12227;29514;1;-2808,1875;-9417,875;0,278051974;0,323487409;0,213286374;3213,700414;6650,664035;685,4385098
9;12;2;1;1;2;0;0;16204;25951;1;-2808,1875;-9417,875;0,278051974;0,323487409;0,213286374;3213,700414;6650,664035;685,4385098
9;12;2;1;1;3;1;2;21569;37752;1;-2808,1875;-9417,875;0,278051974;0,323487409;0,213286374;3213,700414;6650,664035;685,4385098
9;12;2;1;1;3;0;2;22816;49320;1;-2808,1875;-9417,875;0,278051974;0,323487409;0,213286374;3213,700414;6650,664035;685,4385098
9;12;2;1;1;2;0;3;10231;26815;1;-2808,1875;-9417,875;0,278051974;0,323487409;0,213286374;3213,700414;6650,664035;685,4385098
9;12;2;1;1;1;0;1;18027;29931;1;-2808,1875;-9417,875;0,278051974;0,323487409;0,213286374;3213,700414;6650,664035;685,4385098
9;12;2;1;1;1;1;0;9560;35912;1;-2808,1875;-9417,875;0,278051974;0,323487409;0,213286374;3213,700414;6650,664035;685,4385098
9;12;2;1;1;3;0;4;14991;24136;1;-2808,1875;-9417,875;0,278051974;0,323487409;0,213286374;3213,700414;6650,664035;685,4385098
9;12;2;1;1;5;0;6;21456;34096;1;-2808,1875;-9417,875;0,278051974;0,323487409;0,213286374;3213,700414;6650,664035;685,4385098
9;12;2;1;1;5;0;0;20063;31530;1;-2808,1875;-9417,875;0,278051974;0,323487409;0,213286374;3213,700414;6650,664035;685,4385098
9;12;2;1;1;1;0;6;17930;34844;1;-2808,1875;-9417,875;0,278051974;0,323487409;0,213286374;3213,700414;6650,664035;685,4385098
9;12;2;1;1;5;0;1;13276;28848;1;-2808,1875;-9417,875;0,278051974;0,323487409;0,213286374;3213,700414;6650,664035;685,4385098
9;12;2;1;1;2;0;6;11229;25118;1;-2808,1875;-9417,875;0,278051974;0,323487409;0,213286374;3213,700414;6650,664035;685,4385098
9;12;2;1;1;1;0;6;18172;38309;1;-2808,1875;-9417,875;0,278051974;0,323487409;0,213286374;3213,700414;6650,664035;685,4385098
9;12;2;2;1;1;0;6;15226;31865;1;-2808,1875;-9417,875;0,278051974;0,323487409;0,213286374;3213,700414;6650,664035;685,4385098
9;12;2;2;1;5;0;1;29439;34263;1;-2808,1875;-9417,875;0,278051974;0,323487409;0,213286374;3213,700414;6650,664035;685,4385098
9;12;2;2;1;5;0;6;14009;24002;1;-2808,1875;-9417,875;0,278051974;0,323487409;0,213286374;3213,700414;6650,664035;685,4385098
9;12;2;2;1;5;0;0;16171;27915;1;-2808,1875;-9417,875;0,278051974;0,323487409;0,213286374;3213,700414;6650,664035;685,4385098
9;12;2;2;1;2;0;0;20250;28932;1;-2808,1875;-9417,875;0,278051974;0,323487409;0,213286374;3213,700414;6650,664035;685,4385098
9;12;2;2;1;2;0;6;11493;21287;1;-2808,1875;-9417,875;0,278051974;0,323487409;0,213286374;3213,700414;6650,664035;685,4385098
9;12;2;2;1;5;1;6;10374;20803;1;-2808,1875;-9417,875;0,278051974;0,323487409;0,213286374;3213,700414;6650,664035;685,4385098
9;12;2;2;1;1;0;4;15231;25966;1;-2808,1875;-9417,875;0,278051974;0,323487409;0,213286374;3213,700414;6650,664035;685,4385098
9;12;2;2;1;2;0;6;9446;27266;1;-2808,1875;-9417,875;0,278051974;0,323487409;0,213286374;3213,700414;6650,664035;685,4385098
9;12;2;2;1;3;1;6;15541;30535;1;-2808,1875;-9417,875;0,278051974;0,323487409;0,213286374;3213,700414;6650,664035;685,4385098
9;12;2;2;1;3;1;6;23406;36943;1;-2808,1875;-9417,875;0,278051974;0,323487409;0,213286374;3213,700414;6650,664035;685,4385098
9;12;2;2;1;3;1;2;9100;21026;1;-2808,1875;-9417,875;0,278051974;0,323487409;0,213286374;3213,700414;6650,664035;685,4385098
9;12;2;2;1;2;0;3;10733;21538;1;-2808,1875;-9417,875;0,278051974;0,323487409;0,213286374;3213,700414;6650,664035;685,4385098
9;12;2;2;1;3;0;0;21581;29748;1;-2808,1875;-9417,875;0,278051974;0,323487409;0,213286374;3213,700414;6650,664035;685,4385098
9;12;2;2;1;1;0;6;12033;27749;1;-2808,1875;-9417,875;0,278051974;0,323487409;0,213286374;3213,700414;6650,664035;685,4385098
9;12;2;2;1;1;0;6;12735;24935;1;-2808,1875;-9417,875;0,278051974;0,323487409;0,213286374;3213,700414;6650,664035;685,4385098
10;9;1;1;4;3;0;3;10801;38648;-0,625;-59,1875;1708,6875;0,322022834;0,309314504;0,512636176;2997,746681;6362,353535;1536,753395
10;9;1;1;4;1;0;6;12671;20447;-0,625;-59,1875;1708,6875;0,322022834;0,309314504;0,512636176;2997,746681;6362,353535;1536,753395
10;9;1;1;4;2;0;2;11839;15492;-0,625;-59,1875;1708,6875;0,322022834;0,309314504;0,512636176;2997,746681;6362,353535;1536,753395
10;9;1;1;4;2;0;3;15549;27043;-0,625;-59,1875;1708,6875;0,322022834;0,309314504;0,512636176;2997,746681;6362,353535;1536,753395
10;9;1;1;4;1;0;0;17530;31004;-0,625;-59,1875;1708,6875;0,322022834;0,309314504;0,512636176;2997,746681;6362,353535;1536,753395
10;9;1;1;4;3;0;0;12755;23713;-0,625;-59,1875;1708,6875;0,322022834;0,309314504;0,512636176;2997,746681;6362,353535;1536,753395
10;9;1;1;4;2;0;0;12993;20548;-0,625;-59,1875;1708,6875;0,322022834;0,309314504;0,512636176;2997,746681;6362,353535;1536,753395
10;9;1;1;4;5;0;3;11282;20347;-0,625;-59,1875;1708,6875;0,322022834;0,309314504;0,512636176;2997,746681;6362,353535;1536,753395
10;9;1;1;4;1;0;2;12592;26459;-0,625;-59,1875;1708,6875;0,322022834;0,309314504;0,512636176;2997,746681;6362,353535;1536,753395
10;9;1;1;4;2;0;3;7492;18250;-0,625;-59,1875;1708,6875;0,322022834;0,309314504;0,512636176;2997,746681;6362,353535;1536,753395
10;9;1;1;4;1;0;0;19266;23961;-0,625;-59,1875;1708,6875;0,322022834;0,309314504;0,512636176;2997,746681;6362,353535;1536,753395
10;9;1;1;4;5;0;6;10308;16086;-0,625;-59,1875;1708,6875;0,322022834;0,309314504;0,512636176;2997,746681;6362,353535;1536,753395
10;9;1;1;4;5;0;6;9928;12306;-0,625;-59,1875;1708,6875;0,322022834;0,309314504;0,512636176;2997,746681;6362,353535;1536,753395
10;9;1;1;4;3;0;6;17363;24748;-0,625;-59,1875;1708,6875;0,322022834;0,309314504;0,512636176;2997,746681;6362,353535;1536,753395
10;9;1;1;4;5;0;3;9293;13156;-0,625;-59,1875;1708,6875;0,322022834;0,309314504;0,512636176;2997,746681;6362,353535;1536,753395
10;9;1;1;4;3;0;0;14977;20548;-0,625;-59,1875;1708,6875;0,322022834;0,309314504;0,512636176;2997,746681;6362,353535;1536,753395
10;9;1;2;4;3;0;3;14069;21749;-0,625;-59,1875;1708,6875;0,322022834;0,309314504;0,512636176;2997,746681;6362,353535;1536,753395
10;9;1;2;4;5;0;0;11034;26241;-0,625;-59,1875;1708,6875;0,322022834;0,309314504;0,512636176;2997,746681;6362,353535;1536,753395
10;9;1;2;4;1;0;6;11755;20570;-0,625;-59,1875;1708,6875;0,322022834;0,309314504;0,512636176;2997,746681;6362,353535;1536,753395
10;9;1;2;4;2;0;2;9791;13105;-0,625;-59,1875;1708,6875;0,322022834;0,309314504;0,512636176;2997,746681;6362,353535;1536,753395
10;9;1;2;4;5;0;4;15862;25398;-0,625;-59,1875;1708,6875;0,322022834;0,309314504;0,512636176;2997,746681;6362,353535;1536,753395
10;9;1;2;4;2;0;6;17778;25393;-0,625;-59,1875;1708,6875;0,322022834;0,309314504;0,512636176;2997,746681;6362,353535;1536,753395
10;9;1;2;4;1;0;6;18590;24395;-0,625;-59,1875;1708,6875;0,322022834;0,309314504;0,512636176;2997,746681;6362,353535;1536,753395
10;9;1;2;4;3;0;4;13562;15302;-0,625;-59,1875;1708,6875;0,322022834;0,309314504;0,512636176;2997,746681;6362,353535;1536,753395
10;9;1;2;4;5;0;1;14521;18550;-0,625;-59,1875;1708,6875;0,322022834;0,309314504;0,512636176;2997,746681;6362,353535;1536,753395
10;9;1;2;4;1;0;6;8925;19638;-0,625;-59,1875;1708,6875;0,322022834;0,309314504;0,512636176;2997,746681;6362,353535;1536,753395
10;9;1;2;4;2;0;0;16633;24179;-0,625;-59,1875;1708,6875;0,322022834;0,309314504;0,512636176;2997,746681;6362,353535;1536,753395
10;9;1;2;4;3;0;3;13129;21980;-0,625;-59,1875;1708,6875;0,322022834;0,309314504;0,512636176;2997,746681;6362,353535;1536,753395
10;9;1;2;4;2;0;6;10906;15753;-0,625;-59,1875;1708,6875;0,322022834;0,309314504;0,512636176;2997,746681;6362,353535;1536,753395
10;9;1;2;4;5;0;0;10836;17567;-0,625;-59,1875;1708,6875;0,322022834;0,309314504;0,512636176;2997,746681;6362,353535;1536,753395
10;9;1;2;4;3;0;6;9733;21069;-0,625;-59,1875;1708,6875;0,322022834;0,309314504;0,512636176;2997,746681;6362,353535;1536,753395
10;9;1;2;4;1;0;0;10462;14528;-0,625;-59,1875;1708,6875;0,322022834;0,309314504;0,512636176;2997,746681;6362,353535;1536,753395
11;15;1;1;7;1;0;3;7579;17589;0,0625;1689,375;4035,6875;0,275604262;0,36519168;0,133684739;3956,060802;6814,777294;528,8649566
11;15;1;1;7;3;0;0;16390;27449;0,0625;1689,375;4035,6875;0,275604262;0,36519168;0,133684739;3956,060802;6814,777294;528,8649566
11;15;1;1;7;5;0;6;11403;21986;0,0625;1689,375;4035,6875;0,275604262;0,36519168;0,133684739;3956,060802;6814,777294;528,8649566
11;15;1;1;7;1;1;0;13227;27611;0,0625;1689,375;4035,6875;0,275604262;0,36519168;0,133684739;3956,060802;6814,777294;528,8649566
11;15;1;1;7;5;0;2;13092;18439;0,0625;1689,375;4035,6875;0,275604262;0,36519168;0,133684739;3956,060802;6814,777294;528,8649566
11;15;1;1;7;2;0;6;16575;24002;0,0625;1689,375;4035,6875;0,275604262;0,36519168;0,133684739;3956,060802;6814,777294;528,8649566
11;15;1;1;7;2;0;2;9611;23502;0,0625;1689,375;4035,6875;0,275604262;0,36519168;0,133684739;3956,060802;6814,777294;528,8649566
11;15;1;1;7;1;0;6;10797;19521;0,0625;1689,375;4035,6875;0,275604262;0,36519168;0,133684739;3956,060802;6814,777294;528,8649566
11;15;1;1;7;2;1;6;13258;22336;0,0625;1689,375;4035,6875;0,275604262;0,36519168;0,133684739;3956,060802;6814,777294;528,8649566
11;15;1;1;7;5;0;3;17215;28482;0,0625;1689,375;4035,6875;0,275604262;0,36519168;0,133684739;3956,060802;6814,777294;528,8649566
11;15;1;1;7;3;0;6;10496;24901;0,0625;1689,375;4035,6875;0,275604262;0,36519168;0,133684739;3956,060802;6814,777294;528,8649566
11;15;1;1;7;1;0;6;9241;16540;0,0625;1689,375;4035,6875;0,275604262;0,36519168;0,133684739;3956,060802;6814,777294;528,8649566
11;15;1;1;7;3;0;2;14608;17739;0,0625;1689,375;4035,6875;0,275604262;0,36519168;0,133684739;3956,060802;6814,777294;528,8649566
11;15;1;1;7;2;0;6;12527;28582;0,0625;1689,375;4035,6875;0,275604262;0,36519168;0,133684739;3956,060802;6814,777294;528,8649566
11;15;1;1;7;5;0;0;15291;28732;0,0625;1689,375;4035,6875;0,275604262;0,36519168;0,133684739;3956,060802;6814,777294;528,8649566
11;15;1;1;7;3;1;6;19654;29382;0,0625;1689,375;4035,6875;0,275604262;0,36519168;0,133684739;3956,060802;6814,777294;528,8649566
11;15;1;2;7;5;0;2;7886;21389;0,0625;1689,375;4035,6875;0,275604262;0,36519168;0,133684739;3956,060802;6814,777294;528,8649566
11;15;1;2;7;3;0;2;9077;17717;0,0625;1689,375;4035,6875;0,275604262;0,36519168;0,133684739;3956,060802;6814,777294;528,8649566
11;15;1;2;7;5;0;0;12641;18721;0,0625;1689,375;4035,6875;0,275604262;0,36519168;0,133684739;3956,060802;6814,777294;528,8649566
11;15;1;2;7;1;0;6;16112;24543;0,0625;1689,375;4035,6875;0,275604262;0,36519168;0,133684739;3956,060802;6814,777294;528,8649566
11;15;1;2;7;3;0;0;18210;28626;0,0625;1689,375;4035,6875;0,275604262;0,36519168;0,133684739;3956,060802;6814,777294;528,8649566
11;15;1;2;7;2;0;4;10579;22201;0,0625;1689,375;4035,6875;0,275604262;0,36519168;0,133684739;3956,060802;6814,777294;528,8649566
11;15;1;2;7;5;0;0;14753;22895;0,0625;1689,375;4035,6875;0,275604262;0,36519168;0,133684739;3956,060802;6814,777294;528,8649566
11;15;1;2;7;1;0;6;6697;11523;0,0625;1689,375;4035,6875;0,275604262;0,36519168;0,133684739;3956,060802;6814,777294;528,8649566
11;15;1;2;7;3;1;6;11905;22148;0,0625;1689,375;4035,6875;0,275604262;0,36519168;0,133684739;3956,060802;6814,777294;528,8649566
11;15;1;2;7;2;0;6;7499;11972;0,0625;1689,375;4035,6875;0,275604262;0,36519168;0,133684739;3956,060802;6814,777294;528,8649566
11;15;1;2;7;2;0;6;7396;14126;0,0625;1689,375;4035,6875;0,275604262;0,36519168;0,133684739;3956,060802;6814,777294;528,8649566
11;15;1;2;7;5;0;0;17167;24527;0,0625;1689,375;4035,6875;0,275604262;0,36519168;0,133684739;3956,060802;6814,777294;528,8649566
11;15;1;2;7;1;1;6;12500;17445;0,0625;1689,375;4035,6875;0,275604262;0,36519168;0,133684739;3956,060802;6814,777294;528,8649566
11;15;1;2;7;2;0;3;11099;16054;0,0625;1689,375;4035,6875;0,275604262;0,36519168;0,133684739;3956,060802;6814,777294;528,8649566
11;15;1;2;7;1;0;6;12805;20548;0,0625;1689,375;4035,6875;0,275604262;0,36519168;0,133684739;3956,060802;6814,777294;528,8649566
11;15;1;2;7;3;0;6;7608;17787;0,0625;1689,375;4035,6875;0,275604262;0,36519168;0,133684739;3956,060802;6814,777294;528,8649566
12;17;2;1;5;2;0;6;10480;22179;0,1875;-1388,5;-1202,0625;0,255119;0,285285502;0,229058731;3161,003252;6237,640602;724,055392
12;17;2;1;5;1;0;6;9189;27724;0,1875;-1388,5;-1202,0625;0,255119;0,285285502;0,229058731;3161,003252;6237,640602;724,055392
12;17;2;1;5;2;0;2;15448;23961;0,1875;-1388,5;-1202,0625;0,255119;0,285285502;0,229058731;3161,003252;6237,640602;724,055392
12;17;2;1;5;2;0;6;15753;27025;0,1875;-1388,5;-1202,0625;0,255119;0,285285502;0,229058731;3161,003252;6237,640602;724,055392
12;17;2;1;5;5;1;6;13420;24180;0,1875;-1388,5;-1202,0625;0,255119;0,285285502;0,229058731;3161,003252;6237,640602;724,055392
12;17;2;1;5;5;0;6;17256;23429;0,1875;-1388,5;-1202,0625;0,255119;0,285285502;0,229058731;3161,003252;6237,640602;724,055392
12;17;2;1;5;5;0;0;21862;27429;0,1875;-1388,5;-1202,0625;0,255119;0,285285502;0,229058731;3161,003252;6237,640602;724,055392
12;17;2;1;5;1;0;6;9202;19298;0,1875;-1388,5;-1202,0625;0,255119;0,285285502;0,229058731;3161,003252;6237,640602;724,055392
12;17;2;1;5;3;0;0;15324;21337;0,1875;-1388,5;-1202,0625;0,255119;0,285285502;0,229058731;3161,003252;6237,640602;724,055392
12;17;2;1;5;1;0;3;10124;16857;0,1875;-1388,5;-1202,0625;0,255119;0,285285502;0,229058731;3161,003252;6237,640602;724,055392
12;17;2;1;5;3;0;2;6905;17873;0,1875;-1388,5;-1202,0625;0,255119;0,285285502;0,229058731;3161,003252;6237,640602;724,055392
12;17;2;1;5;1;0;6;13004;19549;0,1875;-1388,5;-1202,0625;0,255119;0,285285502;0,229058731;3161,003252;6237,640602;724,055392
12;17;2;1;5;3;0;0;26686;48311;0,1875;-1388,5;-1202,0625;0,255119;0,285285502;0,229058731;3161,003252;6237,640602;724,055392
12;17;2;1;5;2;0;4;12147;17068;0,1875;-1388,5;-1202,0625;0,255119;0,285285502;0,229058731;3161,003252;6237,640602;724,055392
12;17;2;1;5;3;0;2;13858;26481;0,1875;-1388,5;-1202,0625;0,255119;0,285285502;0,229058731;3161,003252;6237,640602;724,055392
12;17;2;1;5;5;0;3;26110;35872;0,1875;-1388,5;-1202,0625;0,255119;0,285285502;0,229058731;3161,003252;6237,640602;724,055392
12;17;2;2;5;1;0;0;13253;27137;0,1875;-1388,5;-1202,0625;0,255119;0,285285502;0,229058731;3161,003252;6237,640602;724,055392
12;17;2;2;5;5;0;3;15578;32556;0,1875;-1388,5;-1202,0625;0,255119;0,285285502;0,229058731;3161,003252;6237,640602;724,055392
12;17;2;2;5;3;0;6;13929;23743;0,1875;-1388,5;-1202,0625;0,255119;0,285285502;0,229058731;3161,003252;6237,640602;724,055392
12;17;2;2;5;2;0;0;12073;21952;0,1875;-1388,5;-1202,0625;0,255119;0,285285502;0,229058731;3161,003252;6237,640602;724,055392
12;17;2;2;5;2;0;3;9279;14271;0,1875;-1388,5;-1202,0625;0,255119;0,285285502;0,229058731;3161,003252;6237,640602;724,055392
12;17;2;2;5;1;0;6;15816;22012;0,1875;-1388,5;-1202,0625;0,255119;0,285285502;0,229058731;3161,003252;6237,640602;724,055392
12;17;2;2;5;5;0;3;15206;29562;0,1875;-1388,5;-1202,0625;0,255119;0,285285502;0,229058731;3161,003252;6237,640602;724,055392
12;17;2;2;5;5;0;6;7586;15369;0,1875;-1388,5;-1202,0625;0,255119;0,285285502;0,229058731;3161,003252;6237,640602;724,055392
12;17;2;2;5;2;0;6;10028;16254;0,1875;-1388,5;-1202,0625;0,255119;0,285285502;0,229058731;3161,003252;6237,640602;724,055392
12;17;2;2;5;3;0;0;13599;28656;0,1875;-1388,5;-1202,0625;0,255119;0,285285502;0,229058731;3161,003252;6237,640602;724,055392
12;17;2;2;5;5;1;6;7784;23247;0,1875;-1388,5;-1202,0625;0,255119;0,285285502;0,229058731;3161,003252;6237,640602;724,055392
12;17;2;2;5;2;1;6;12139;19404;0,1875;-1388,5;-1202,0625;0,255119;0,285285502;0,229058731;3161,003252;6237,640602;724,055392
12;17;2;2;5;3;1;3;16239;24595;0,1875;-1388,5;-1202,0625;0,255119;0,285285502;0,229058731;3161,003252;6237,640602;724,055392
12;17;2;2;5;1;0;6;8341;16153;0,1875;-1388,5;-1202,0625;0,255119;0,285285502;0,229058731;3161,003252;6237,640602;724,055392
12;17;2;2;5;3;0;4;15386;25343;0,1875;-1388,5;-1202,0625;0,255119;0,285285502;0,229058731;3161,003252;6237,640602;724,055392
12;17;2;2;5;1;0;3;28316;39086;0,1875;-1388,5;-1202,0625;0,255119;0,285285502;0,229058731;3161,003252;6237,640602;724,055392
13;17;2;1;7;2;0;1;11468;34334;0,6875;-2526,625;-1048,3125;0,259887153;0,307372802;0,234724333;2909,500388;5902,307888;682,9305392
13;17;2;1;7;3;0;6;14136;25410;0,6875;-2526,625;-1048,3125;0,259887153;0,307372802;0,234724333;2909,500388;5902,307888;682,9305392
13;17;2;1;7;3;0;6;14962;30738;0,6875;-2526,625;-1048,3125;0,259887153;0,307372802;0,234724333;2909,500388;5902,307888;682,9305392
13;17;2;1;7;5;0;1;20417;35437;0,6875;-2526,625;-1048,3125;0,259887153;0,307372802;0,234724333;2909,500388;5902,307888;682,9305392
13;17;2;1;7;3;1;3;17102;22176;0,6875;-2526,625;-1048,3125;0,259887153;0,307372802;0,234724333;2909,500388;5902,307888;682,9305392
13;17;2;1;7;1;1;6;14387;28048;0,6875;-2526,625;-1048,3125;0,259887153;0,307372802;0,234724333;2909,500388;5902,307888;682,9305392
13;17;2;1;7;5;0;6;14631;28407;0,6875;-2526,625;-1048,3125;0,259887153;0,307372802;0,234724333;2909,500388;5902,307888;682,9305392
13;17;2;1;7;1;0;3;20249;37532;0,6875;-2526,625;-1048,3125;0,259887153;0,307372802;0,234724333;2909,500388;5902,307888;682,9305392
13;17;2;1;7;5;1;0;11774;16680;0,6875;-2526,625;-1048,3125;0,259887153;0,307372802;0,234724333;2909,500388;5902,307888;682,9305392
13;17;2;1;7;3;0;2;19507;35898;0,6875;-2526,625;-1048,3125;0,259887153;0,307372802;0,234724333;2909,500388;5902,307888;682,9305392
13;17;2;1;7;2;0;6;11561;23795;0,6875;-2526,625;-1048,3125;0,259887153;0,307372802;0,234724333;2909,500388;5902,307888;682,9305392
13;17;2;1;7;1;1;3;14772;21587;0,6875;-2526,625;-1048,3125;0,259887153;0,307372802;0,234724333;2909,500388;5902,307888;682,9305392
13;17;2;1;7;5;0;4;17519;34617;0,6875;-2526,625;-1048,3125;0,259887153;0,307372802;0,234724333;2909,500388;5902,307888;682,9305392
13;17;2;1;7;2;1;6;21020;34527;0,6875;-2526,625;-1048,3125;0,259887153;0,307372802;0,234724333;2909,500388;5902,307888;682,9305392
13;17;2;1;7;2;0;3;25591;35533;0,6875;-2526,625;-1048,3125;0,259887153;0,307372802;0,234724333;2909,500388;5902,307888;682,9305392
13;17;2;1;7;1;0;6;13461;18049;0,6875;-2526,625;-1048,3125;0,259887153;0,307372802;0,234724333;2909,500388;5902,307888;682,9305392
13;17;2;2;7;2;0;6;10444;19897;0,6875;-2526,625;-1048,3125;0,259887153;0,307372802;0,234724333;2909,500388;5902,307888;682,9305392
13;17;2;2;7;5;1;0;19822;33212;0,6875;-2526,625;-1048,3125;0,259887153;0,307372802;0,234724333;2909,500388;5902,307888;682,9305392
13;17;2;2;7;3;0;6;12282;28541;0,6875;-2526,625;-1048,3125;0,259887153;0,307372802;0,234724333;2909,500388;5902,307888;682,9305392
13;17;2;2;7;1;0;6;15576;26207;0,6875;-2526,625;-1048,3125;0,259887153;0,307372802;0,234724333;2909,500388;5902,307888;682,9305392
13;17;2;2;7;3;0;6;11746;20814;0,6875;-2526,625;-1048,3125;0,259887153;0,307372802;0,234724333;2909,500388;5902,307888;682,9305392
13;17;2;2;7;1;0;6;10556;23094;0,6875;-2526,625;-1048,3125;0,259887153;0,307372802;0,234724333;2909,500388;5902,307888;682,9305392
13;17;2;2;7;5;0;2;10816;37749;0,6875;-2526,625;-1048,3125;0,259887153;0,307372802;0,234724333;2909,500388;5902,307888;682,9305392
13;17;2;2;7;3;0;2;25484;31554;0,6875;-2526,625;-1048,3125;0,259887153;0,307372802;0,234724333;2909,500388;5902,307888;682,9305392
13;17;2;2;7;2;1;6;13255;43461;0,6875;-2526,625;-1048,3125;0,259887153;0,307372802;0,234724333;2909,500388;5902,307888;682,9305392
13;17;2;2;7;5;0;3;8450;16252;0,6875;-2526,625;-1048,3125;0,259887153;0,307372802;0,234724333;2909,500388;5902,307888;682,9305392
13;17;2;2;7;5;1;6;11897;25101;0,6875;-2526,625;-1048,3125;0,259887153;0,307372802;0,234724333;2909,500388;5902,307888;682,9305392
13;17;2;2;7;1;1;0;21351;51488;0,6875;-2526,625;-1048,3125;0,259887153;0,307372802;0,234724333;2909,500388;5902,307888;682,9305392
13;17;2;2;7;3;1;6;20292;33604;0,6875;-2526,625;-1048,3125;0,259887153;0,307372802;0,234724333;2909,500388;5902,307888;682,9305392
13;17;2;2;7;2;0;6;8675;16952;0,6875;-2526,625;-1048,3125;0,259887153;0,307372802;0,234724333;2909,500388;5902,307888;682,9305392
13;17;2;2;7;1;1;6;13560;22578;0,6875;-2526,625;-1048,3125;0,259887153;0,307372802;0,234724333;2909,500388;5902,307888;682,9305392
13;17;2;2;7;2;0;6;7925;15491;0,6875;-2526,625;-1048,3125;0,259887153;0,307372802;0,234724333;2909,500388;5902,307888;682,9305392
14;17;1;1;5;2;0;3;4335;11229;-1,25;-3593,875;-5143,4375;0,293210435;0,42709652;0,035887346;1831,691156;5887,278014;65,7345337
14;17;1;1;5;3;0;2;17825;30222;-1,25;-3593,875;-5143,4375;0,293210435;0,42709652;0,035887346;1831,691156;5887,278014;65,7345337
14;17;1;1;5;2;0;3;10088;26266;-1,25;-3593,875;-5143,4375;0,293210435;0,42709652;0,035887346;1831,691156;5887,278014;65,7345337
14;17;1;1;5;1;0;3;9867;28624;-1,25;-3593,875;-5143,4375;0,293210435;0,42709652;0,035887346;1831,691156;5887,278014;65,7345337
14;17;1;1;5;5;0;6;7230;15652;-1,25;-3593,875;-5143,4375;0,293210435;0,42709652;0,035887346;1831,691156;5887,278014;65,7345337
14;17;1;1;5;1;0;6;15497;31293;-1,25;-3593,875;-5143,4375;0,293210435;0,42709652;0,035887346;1831,691156;5887,278014;65,7345337
14;17;1;1;5;5;1;6;9185;26425;-1,25;-3593,875;-5143,4375;0,293210435;0,42709652;0,035887346;1831,691156;5887,278014;65,7345337
14;17;1;1;5;3;0;2;15399;21617;-1,25;-3593,875;-5143,4375;0,293210435;0,42709652;0,035887346;1831,691156;5887,278014;65,7345337
14;17;1;1;5;1;0;3;10451;19751;-1,25;-3593,875;-5143,4375;0,293210435;0,42709652;0,035887346;1831,691156;5887,278014;65,7345337
14;17;1;1;5;5;0;0;14670;22296;-1,25;-3593,875;-5143,4375;0,293210435;0,42709652;0,035887346;1831,691156;5887,278014;65,7345337
14;17;1;1;5;5;0;1;22718;28429;-1,25;-3593,875;-5143,4375;0,293210435;0,42709652;0,035887346;1831,691156;5887,278014;65,7345337
14;17;1;1;5;2;0;6;8790;16518;-1,25;-3593,875;-5143,4375;0,293210435;0,42709652;0,035887346;1831,691156;5887,278014;65,7345337
14;17;1;1;5;3;0;4;12594;20117;-1,25;-3593,875;-5143,4375;0,293210435;0,42709652;0,035887346;1831,691156;5887,278014;65,7345337
14;17;1;1;5;3;0;0;14754;23811;-1,25;-3593,875;-5143,4375;0,293210435;0,42709652;0,035887346;1831,691156;5887,278014;65,7345337
14;17;1;1;5;1;0;6;13643;20114;-1,25;-3593,875;-5143,4375;0,293210435;0,42709652;0,035887346;1831,691156;5887,278014;65,7345337
14;17;1;1;5;2;0;6;12720;19704;-1,25;-3593,875;-5143,4375;0,293210435;0,42709652;0,035887346;1831,691156;5887,278014;65,7345337
14;17;1;2;5;5;0;6;17955;28284;-1,25;-3593,875;-5143,4375;0,293210435;0,42709652;0,035887346;1831,691156;5887,278014;65,7345337
14;17;1;2;5;3;0;0;15469;30455;-1,25;-3593,875;-5143,4375;0,293210435;0,42709652;0,035887346;1831,691156;5887,278014;65,7345337
14;17;1;2;5;2;0;6;11837;22602;-1,25;-3593,875;-5143,4375;0,293210435;0,42709652;0,035887346;1831,691156;5887,278014;65,7345337
14;17;1;2;5;1;0;6;9335;18635;-1,25;-3593,875;-5143,4375;0,293210435;0,42709652;0,035887346;1831,691156;5887,278014;65,7345337
14;17;1;2;5;3;0;6;7752;19931;-1,25;-3593,875;-5143,4375;0,293210435;0,42709652;0,035887346;1831,691156;5887,278014;65,7345337
14;17;1;2;5;2;0;6;12519;24877;-1,25;-3593,875;-5143,4375;0,293210435;0,42709652;0,035887346;1831,691156;5887,278014;65,7345337
14;17;1;2;5;3;1;3;13379;29624;-1,25;-3593,875;-5143,4375;0,293210435;0,42709652;0,035887346;1831,691156;5887,278014;65,7345337
14;17;1;2;5;2;0;6;15871;27507;-1,25;-3593,875;-5143,4375;0,293210435;0,42709652;0,035887346;1831,691156;5887,278014;65,7345337
14;17;1;2;5;2;0;6;17251;31305;-1,25;-3593,875;-5143,4375;0,293210435;0,42709652;0,035887346;1831,691156;5887,278014;65,7345337
14;17;1;2;5;1;0;6;20996;31794;-1,25;-3593,875;-5143,4375;0,293210435;0,42709652;0,035887346;1831,691156;5887,278014;65,7345337
14;17;1;2;5;1;0;6;10310;15439;-1,25;-3593,875;-5143,4375;0,293210435;0,42709652;0,035887346;1831,691156;5887,278014;65,7345337
14;17;1;2;5;3;0;6;8980;15436;-1,25;-3593,875;-5143,4375;0,293210435;0,42709652;0,035887346;1831,691156;5887,278014;65,7345337
14;17;1;2;5;5;0;6;9610;30140;-1,25;-3593,875;-5143,4375;0,293210435;0,42709652;0,035887346;1831,691156;5887,278014;65,7345337
14;17;1;2;5;5;0;0;33598;41944;-1,25;-3593,875;-5143,4375;0,293210435;0,42709652;0,035887346;1831,691156;5887,278014;65,7345337
14;17;1;2;5;5;0;2;32621;46844;-1,25;-3593,875;-5143,4375;0,293210435;0,42709652;0,035887346;1831,691156;5887,278014;65,7345337
14;17;1;2;5;1;0;6;19785;29546;-1,25;-3593,875;-5143,4375;0,293210435;0,42709652;0,035887346;1831,691156;5887,278014;65,7345337
15;13;2;1;5;2;1;2;21934;38803;0,9375;6264;5935,75;0,121549733;0,188570751;0,019691303;1553,967414;6746,119267;30,59964303
15;13;2;1;5;5;0;6;20454;31588;0,9375;6264;5935,75;0,121549733;0,188570751;0,019691303;1553,967414;6746,119267;30,59964303
15;13;2;1;5;1;0;3;22049;26757;0,9375;6264;5935,75;0,121549733;0,188570751;0,019691303;1553,967414;6746,119267;30,59964303
15;13;2;1;5;3;0;0;22566;29678;0,9375;6264;5935,75;0,121549733;0,188570751;0,019691303;1553,967414;6746,119267;30,59964303
15;13;2;1;5;3;0;2;28291;37331;0,9375;6264;5935,75;0,121549733;0,188570751;0,019691303;1553,967414;6746,119267;30,59964303
15;13;2;1;5;2;0;2;22287;33319;0,9375;6264;5935,75;0,121549733;0,188570751;0,019691303;1553,967414;6746,119267;30,59964303
15;13;2;1;5;1;0;6;14197;28308;0,9375;6264;5935,75;0,121549733;0,188570751;0,019691303;1553,967414;6746,119267;30,59964303
15;13;2;1;5;2;0;6;8363;16818;0,9375;6264;5935,75;0,121549733;0,188570751;0,019691303;1553,967414;6746,119267;30,59964303
15;13;2;1;5;1;0;6;9394;20031;0,9375;6264;5935,75;0,121549733;0,188570751;0,019691303;1553,967414;6746,119267;30,59964303
15;13;2;1;5;1;0;6;11994;20566;0,9375;6264;5935,75;0,121549733;0,188570751;0,019691303;1553,967414;6746,119267;30,59964303
15;13;2;1;5;3;0;0;18042;29606;0,9375;6264;5935,75;0,121549733;0,188570751;0,019691303;1553,967414;6746,119267;30,59964303
15;13;2;1;5;3;0;4;35309;47155;0,9375;6264;5935,75;0,121549733;0,188570751;0,019691303;1553,967414;6746,119267;30,59964303
15;13;2;1;5;5;0;6;28266;38565;0,9375;6264;5935,75;0,121549733;0,188570751;0,019691303;1553,967414;6746,119267;30,59964303
15;13;2;1;5;2;0;6;10241;23000;0,9375;6264;5935,75;0,121549733;0,188570751;0,019691303;1553,967414;6746,119267;30,59964303
15;13;2;1;5;5;1;6;24636;35030;0,9375;6264;5935,75;0,121549733;0,188570751;0,019691303;1553,967414;6746,119267;30,59964303
15;13;2;1;5;5;0;0;11537;22269;0,9375;6264;5935,75;0,121549733;0,188570751;0,019691303;1553,967414;6746,119267;30,59964303
15;13;2;2;5;1;0;6;25940;37044;0,9375;6264;5935,75;0,121549733;0,188570751;0,019691303;1553,967414;6746,119267;30,59964303
15;13;2;2;5;5;0;6;23760;31657;0,9375;6264;5935,75;0,121549733;0,188570751;0,019691303;1553,967414;6746,119267;30,59964303
15;13;2;2;5;5;0;2;9819;17122;0,9375;6264;5935,75;0,121549733;0,188570751;0,019691303;1553,967414;6746,119267;30,59964303
15;13;2;2;5;1;0;6;15888;29522;0,9375;6264;5935,75;0,121549733;0,188570751;0,019691303;1553,967414;6746,119267;30,59964303
15;13;2;2;5;5;0;6;13766;21680;0,9375;6264;5935,75;0,121549733;0,188570751;0,019691303;1553,967414;6746,119267;30,59964303
15;13;2;2;5;3;0;0;25394;41244;0,9375;6264;5935,75;0,121549733;0,188570751;0,019691303;1553,967414;6746,119267;30,59964303
15;13;2;2;5;1;0;6;8850;16535;0,9375;6264;5935,75;0,121549733;0,188570751;0,019691303;1553,967414;6746,119267;30,59964303
15;13;2;2;5;3;0;6;14113;23862;0,9375;6264;5935,75;0,121549733;0,188570751;0,019691303;1553,967414;6746,119267;30,59964303
15;13;2;2;5;1;0;6;12343;23188;0,9375;6264;5935,75;0,121549733;0,188570751;0,019691303;1553,967414;6746,119267;30,59964303
15;13;2;2;5;2;0;4;30321;37048;0,9375;6264;5935,75;0,121549733;0,188570751;0,019691303;1553,967414;6746,119267;30,59964303
15;13;2;2;5;3;0;2;30424;43692;0,9375;6264;5935,75;0,121549733;0,188570751;0,019691303;1553,967414;6746,119267;30,59964303
15;13;2;2;5;3;0;6;23875;39679;0,9375;6264;5935,75;0,121549733;0,188570751;0,019691303;1553,967414;6746,119267;30,59964303
15;13;2;2;5;2;0;4;38211;47644;0,9375;6264;5935,75;0,121549733;0,188570751;0,019691303;1553,967414;6746,119267;30,59964303
15;13;2;2;5;2;0;6;16289;24227;0,9375;6264;5935,75;0,121549733;0,188570751;0,019691303;1553,967414;6746,119267;30,59964303
15;13;2;2;5;5;0;4;107809;122601;0,9375;6264;5935,75;0,121549733;0,188570751;0,019691303;1553,967414;6746,119267;30,59964303
15;13;2;2;5;2;0;6;12982;17051;0,9375;6264;5935,75;0,121549733;0,188570751;0,019691303;1553,967414;6746,119267;30,59964303
16;18;2;1;5;1;0;0;24766;31025;0,0625;2725;-262,8125;0,260045604;0,393316865;0,025152288;2916,825275;6437,232504;73,36483033
16;18;2;1;5;5;0;3;18559;30689;0,0625;2725;-262,8125;0,260045604;0,393316865;0,025152288;2916,825275;6437,232504;73,36483033
16;18;2;1;5;1;0;0;16381;30943;0,0625;2725;-262,8125;0,260045604;0,393316865;0,025152288;2916,825275;6437,232504;73,36483033
16;18;2;1;5;2;0;6;20193;28456;0,0625;2725;-262,8125;0,260045604;0,393316865;0,025152288;2916,825275;6437,232504;73,36483033
16;18;2;1;5;2;0;3;27924;53601;0,0625;2725;-262,8125;0,260045604;0,393316865;0,025152288;2916,825275;6437,232504;73,36483033
16;18;2;1;5;2;0;6;13006;23095;0,0625;2725;-262,8125;0,260045604;0,393316865;0,025152288;2916,825275;6437,232504;73,36483033
16;18;2;1;5;1;0;6;15387;25177;0,0625;2725;-262,8125;0,260045604;0,393316865;0,025152288;2916,825275;6437,232504;73,36483033
16;18;2;1;5;5;0;6;11170;23618;0,0625;2725;-262,8125;0,260045604;0,393316865;0,025152288;2916,825275;6437,232504;73,36483033
16;18;2;1;5;3;0;3;32439;44924;0,0625;2725;-262,8125;0,260045604;0,393316865;0,025152288;2916,825275;6437,232504;73,36483033
16;18;2;1;5;5;0;6;13174;24409;0,0625;2725;-262,8125;0,260045604;0,393316865;0,025152288;2916,825275;6437,232504;73,36483033
16;18;2;1;5;3;0;6;32097;41343;0,0625;2725;-262,8125;0,260045604;0,393316865;0,025152288;2916,825275;6437,232504;73,36483033
16;18;2;1;5;3;0;0;16620;29471;0,0625;2725;-262,8125;0,260045604;0,393316865;0,025152288;2916,825275;6437,232504;73,36483033
16;18;2;1;5;3;0;6;25087;33419;0,0625;2725;-262,8125;0,260045604;0,393316865;0,025152288;2916,825275;6437,232504;73,36483033
16;18;2;1;5;1;0;6;14079;24712;0,0625;2725;-262,8125;0,260045604;0,393316865;0,025152288;2916,825275;6437,232504;73,36483033
16;18;2;1;5;5;0;0;19918;38134;0,0625;2725;-262,8125;0,260045604;0,393316865;0,025152288;2916,825275;6437,232504;73,36483033
16;18;2;1;5;2;0;6;13278;17901;0,0625;2725;-262,8125;0,260045604;0,393316865;0,025152288;2916,825275;6437,232504;73,36483033
16;18;2;2;5;3;0;0;26566;34548;0,0625;2725;-262,8125;0,260045604;0,393316865;0,025152288;2916,825275;6437,232504;73,36483033
16;18;2;2;5;1;0;3;17333;23845;0,0625;2725;-262,8125;0,260045604;0,393316865;0,025152288;2916,825275;6437,232504;73,36483033
16;18;2;2;5;1;0;6;26247;32739;0,0625;2725;-262,8125;0,260045604;0,393316865;0,025152288;2916,825275;6437,232504;73,36483033
16;18;2;2;5;5;0;6;35572;41695;0,0625;2725;-262,8125;0,260045604;0,393316865;0,025152288;2916,825275;6437,232504;73,36483033
16;18;2;2;5;2;0;3;28231;38285;0,0625;2725;-262,8125;0,260045604;0,393316865;0,025152288;2916,825275;6437,232504;73,36483033
16;18;2;2;5;3;0;0;43462;50818;0,0625;2725;-262,8125;0,260045604;0,393316865;0,025152288;2916,825275;6437,232504;73,36483033
16;18;2;2;5;2;0;6;13182;23629;0,0625;2725;-262,8125;0,260045604;0,393316865;0,025152288;2916,825275;6437,232504;73,36483033
16;18;2;2;5;2;0;6;11004;17467;0,0625;2725;-262,8125;0,260045604;0,393316865;0,025152288;2916,825275;6437,232504;73,36483033
16;18;2;2;5;1;0;2;25570;35434;0,0625;2725;-262,8125;0,260045604;0,393316865;0,025152288;2916,825275;6437,232504;73,36483033
16;18;2;2;5;5;0;6;18516;31570;0,0625;2725;-262,8125;0,260045604;0,393316865;0,025152288;2916,825275;6437,232504;73,36483033
16;18;2;2;5;1;0;6;13592;19952;0,0625;2725;-262,8125;0,260045604;0,393316865;0,025152288;2916,825275;6437,232504;73,36483033
16;18;2;2;5;2;0;6;19668;27890;0,0625;2725;-262,8125;0,260045604;0,393316865;0,025152288;2916,825275;6437,232504;73,36483033
16;18;2;2;5;3;0;2;23521;30756;0,0625;2725;-262,8125;0,260045604;0,393316865;0,025152288;2916,825275;6437,232504;73,36483033
16;18;2;2;5;3;0;6;10202;26847;0,0625;2725;-262,8125;0,260045604;0,393316865;0,025152288;2916,825275;6437,232504;73,36483033
16;18;2;2;5;5;0;6;29727;36503;0,0625;2725;-262,8125;0,260045604;0,393316865;0,025152288;2916,825275;6437,232504;73,36483033
16;18;2;2;5;5;0;0;15285;24734;0,0625;2725;-262,8125;0,260045604;0,393316865;0,025152288;2916,825275;6437,232504;73,36483033
17;6;2;1;5;2;0;2;16586;23606;-0,1875;3215;4249,375;0,195544266;0,234820218;0,162118105;3299,396042;6291,075584;534,891833
17;6;2;1;5;5;0;6;12577;28756;-0,1875;3215;4249,375;0,195544266;0,234820218;0,162118105;3299,396042;6291,075584;534,891833
17;6;2;1;5;3;0;6;16647;22063;-0,1875;3215;4249,375;0,195544266;0,234820218;0,162118105;3299,396042;6291,075584;534,891833
17;6;2;1;5;2;0;6;10970;20531;-0,1875;3215;4249,375;0,195544266;0,234820218;0,162118105;3299,396042;6291,075584;534,891833
17;6;2;1;5;2;0;6;10040;15039;-0,1875;3215;4249,375;0,195544266;0,234820218;0,162118105;3299,396042;6291,075584;534,891833
17;6;2;1;5;1;1;0;18595;26777;-0,1875;3215;4249,375;0,195544266;0,234820218;0,162118105;3299,396042;6291,075584;534,891833
17;6;2;1;5;5;1;3;17959;27840;-0,1875;3215;4249,375;0,195544266;0,234820218;0,162118105;3299,396042;6291,075584;534,891833
17;6;2;1;5;1;0;6;9634;15186;-0,1875;3215;4249,375;0,195544266;0,234820218;0,162118105;3299,396042;6291,075584;534,891833
17;6;2;1;5;1;0;6;10293;15436;-0,1875;3215;4249,375;0,195544266;0,234820218;0,162118105;3299,396042;6291,075584;534,891833
17;6;2;1;5;3;0;6;7859;17367;-0,1875;3215;4249,375;0,195544266;0,234820218;0,162118105;3299,396042;6291,075584;534,891833
17;6;2;1;5;5;0;6;8032;16223;-0,1875;3215;4249,375;0,195544266;0,234820218;0,162118105;3299,396042;6291,075584;534,891833
17;6;2;1;5;3;0;4;27402;35238;-0,1875;3215;4249,375;0,195544266;0,234820218;0,162118105;3299,396042;6291,075584;534,891833
17;6;2;1;5;2;0;6;8630;15406;-0,1875;3215;4249,375;0,195544266;0,234820218;0,162118105;3299,396042;6291,075584;534,891833
17;6;2;1;5;1;1;6;8892;16537;-0,1875;3215;4249,375;0,195544266;0,234820218;0,162118105;3299,396042;6291,075584;534,891833
17;6;2;1;5;3;0;6;11827;34337;-0,1875;3215;4249,375;0,195544266;0,234820218;0,162118105;3299,396042;6291,075584;534,891833
17;6;2;1;5;5;0;6;6593;12156;-0,1875;3215;4249,375;0,195544266;0,234820218;0,162118105;3299,396042;6291,075584;534,891833
17;6;2;2;5;3;0;6;14926;25006;-0,1875;3215;4249,375;0,195544266;0,234820218;0,162118105;3299,396042;6291,075584;534,891833
17;6;2;2;5;2;0;6;18892;35267;-0,1875;3215;4249,375;0,195544266;0,234820218;0,162118105;3299,396042;6291,075584;534,891833
17;6;2;2;5;5;0;3;23499;28510;-0,1875;3215;4249,375;0,195544266;0,234820218;0,162118105;3299,396042;6291,075584;534,891833
17;6;2;2;5;2;0;0;27474;31761;-0,1875;3215;4249,375;0,195544266;0,234820218;0,162118105;3299,396042;6291,075584;534,891833
17;6;2;2;5;2;0;6;9425;13277;-0,1875;3215;4249,375;0,195544266;0,234820218;0,162118105;3299,396042;6291,075584;534,891833
17;6;2;2;5;1;0;6;12136;20701;-0,1875;3215;4249,375;0,195544266;0,234820218;0,162118105;3299,396042;6291,075584;534,891833
17;6;2;2;5;1;1;2;15333;31443;-0,1875;3215;4249,375;0,195544266;0,234820218;0,162118105;3299,396042;6291,075584;534,891833
17;6;2;2;5;3;0;6;18679;25313;-0,1875;3215;4249,375;0,195544266;0,234820218;0,162118105;3299,396042;6291,075584;534,891833
17;6;2;2;5;1;0;6;8451;15609;-0,1875;3215;4249,375;0,195544266;0,234820218;0,162118105;3299,396042;6291,075584;534,891833
17;6;2;2;5;1;0;3;14620;17134;-0,1875;3215;4249,375;0,195544266;0,234820218;0,162118105;3299,396042;6291,075584;534,891833
17;6;2;2;5;2;0;6;15098;25762;-0,1875;3215;4249,375;0,195544266;0,234820218;0,162118105;3299,396042;6291,075584;534,891833
17;6;2;2;5;3;1;6;19604;26526;-0,1875;3215;4249,375;0,195544266;0,234820218;0,162118105;3299,396042;6291,075584;534,891833
17;6;2;2;5;3;0;6;9609;16336;-0,1875;3215;4249,375;0,195544266;0,234820218;0,162118105;3299,396042;6291,075584;534,891833
17;6;2;2;5;5;0;6;10528;31653;-0,1875;3215;4249,375;0,195544266;0,234820218;0,162118105;3299,396042;6291,075584;534,891833
17;6;2;2;5;5;0;6;13719;28241;-0,1875;3215;4249,375;0,195544266;0,234820218;0,162118105;3299,396042;6291,075584;534,891833
17;6;2;2;5;5;0;4;21983;37949;-0,1875;3215;4249,375;0,195544266;0,234820218;0,162118105;3299,396042;6291,075584;534,891833
18;9;2;1;5;3;0;0;14557;34639;-0,5625;-9931,6875;-12930;0,197165934;0,234711756;0,183607609;3061,263577;6869,560163;562,0712858
18;9;2;1;5;2;0;6;35101;41627;-0,5625;-9931,6875;-12930;0,197165934;0,234711756;0,183607609;3061,263577;6869,560163;562,0712858
18;9;2;1;5;1;0;3;19807;26915;-0,5625;-9931,6875;-12930;0,197165934;0,234711756;0,183607609;3061,263577;6869,560163;562,0712858
18;9;2;1;5;3;1;0;51628;63413;-0,5625;-9931,6875;-12930;0,197165934;0,234711756;0,183607609;3061,263577;6869,560163;562,0712858
18;9;2;1;5;5;1;6;21731;51044;-0,5625;-9931,6875;-12930;0,197165934;0,234711756;0,183607609;3061,263577;6869,560163;562,0712858
18;9;2;1;5;5;0;6;19093;28023;-0,5625;-9931,6875;-12930;0,197165934;0,234711756;0,183607609;3061,263577;6869,560163;562,0712858
18;9;2;1;5;5;0;0;31308;33072;-0,5625;-9931,6875;-12930;0,197165934;0,234711756;0,183607609;3061,263577;6869,560163;562,0712858
18;9;2;1;5;1;0;3;17098;27258;-0,5625;-9931,6875;-12930;0,197165934;0,234711756;0,183607609;3061,263577;6869,560163;562,0712858
18;9;2;1;5;5;0;6;9057;15652;-0,5625;-9931,6875;-12930;0,197165934;0,234711756;0,183607609;3061,263577;6869,560163;562,0712858
18;9;2;1;5;2;0;6;20500;26425;-0,5625;-9931,6875;-12930;0,197165934;0,234711756;0,183607609;3061,263577;6869,560163;562,0712858
18;9;2;1;5;3;0;2;32398;45497;-0,5625;-9931,6875;-12930;0,197165934;0,234711756;0,183607609;3061,263577;6869,560163;562,0712858
18;9;2;1;5;1;0;6;12088;28674;-0,5625;-9931,6875;-12930;0,197165934;0,234711756;0,183607609;3061,263577;6869,560163;562,0712858
18;9;2;1;5;1;0;2;59311;66886;-0,5625;-9931,6875;-12930;0,197165934;0,234711756;0,183607609;3061,263577;6869,560163;562,0712858
18;9;2;1;5;3;0;6;17890;23728;-0,5625;-9931,6875;-12930;0,197165934;0,234711756;0,183607609;3061,263577;6869,560163;562,0712858
18;9;2;1;5;2;0;6;10556;17137;-0,5625;-9931,6875;-12930;0,197165934;0,234711756;0,183607609;3061,263577;6869,560163;562,0712858
18;9;2;1;5;2;0;6;68672;76316;-0,5625;-9931,6875;-12930;0,197165934;0,234711756;0,183607609;3061,263577;6869,560163;562,0712858
18;9;2;2;5;2;0;4;23077;36723;-0,5625;-9931,6875;-12930;0,197165934;0,234711756;0,183607609;3061,263577;6869,560163;562,0712858
18;9;2;2;5;1;0;6;10909;20568;-0,5625;-9931,6875;-12930;0,197165934;0,234711756;0,183607609;3061,263577;6869,560163;562,0712858
18;9;2;2;5;3;0;6;15403;23465;-0,5625;-9931,6875;-12930;0,197165934;0,234711756;0,183607609;3061,263577;6869,560163;562,0712858
18;9;2;2;5;1;0;6;29984;35867;-0,5625;-9931,6875;-12930;0,197165934;0,234711756;0,183607609;3061,263577;6869,560163;562,0712858
18;9;2;2;5;2;0;0;13021;14154;-0,5625;-9931,6875;-12930;0,197165934;0,234711756;0,183607609;3061,263577;6869,560163;562,0712858
18;9;2;2;5;1;0;3;11458;23181;-0,5625;-9931,6875;-12930;0,197165934;0,234711756;0,183607609;3061,263577;6869,560163;562,0712858
18;9;2;2;5;5;0;0;17784;21368;-0,5625;-9931,6875;-12930;0,197165934;0,234711756;0,183607609;3061,263577;6869,560163;562,0712858
18;9;2;2;5;1;0;0;18792;26149;-0,5625;-9931,6875;-12930;0,197165934;0,234711756;0,183607609;3061,263577;6869,560163;562,0712858
18;9;2;2;5;3;0;3;14303;17521;-0,5625;-9931,6875;-12930;0,197165934;0,234711756;0,183607609;3061,263577;6869,560163;562,0712858
18;9;2;2;5;2;1;6;24028;30854;-0,5625;-9931,6875;-12930;0,197165934;0,234711756;0,183607609;3061,263577;6869,560163;562,0712858
18;9;2;2;5;5;0;0;23569;24768;-0,5625;-9931,6875;-12930;0,197165934;0,234711756;0,183607609;3061,263577;6869,560163;562,0712858
18;9;2;2;5;3;0;1;28261;37087;-0,5625;-9931,6875;-12930;0,197165934;0,234711756;0,183607609;3061,263577;6869,560163;562,0712858
18;9;2;2;5;2;0;6;9972;14753;-0,5625;-9931,6875;-12930;0,197165934;0,234711756;0,183607609;3061,263577;6869,560163;562,0712858
18;9;2;2;5;5;0;6;15892;33672;-0,5625;-9931,6875;-12930;0,197165934;0,234711756;0,183607609;3061,263577;6869,560163;562,0712858
18;9;2;2;5;3;0;2;12388;19415;-0,5625;-9931,6875;-12930;0,197165934;0,234711756;0,183607609;3061,263577;6869,560163;562,0712858
18;9;2;2;5;5;0;6;13047;19881;-0,5625;-9931,6875;-12930;0,197165934;0,234711756;0,183607609;3061,263577;6869,560163;562,0712858
19;21;1;1;2;2;0;2;17533;27255;-0,875;-4810,9375;-5061,1875;0,19641044;0,273971865;0,095042525;1283,028475;6997,021541;121,9422664
19;21;1;1;2;3;0;0;28261;50107;-0,875;-4810,9375;-5061,1875;0,19641044;0,273971865;0,095042525;1283,028475;6997,021541;121,9422664
19;21;1;1;2;5;0;6;20839;43808;-0,875;-4810,9375;-5061,1875;0,19641044;0,273971865;0,095042525;1283,028475;6997,021541;121,9422664
19;21;1;1;2;1;0;4;37773;49427;-0,875;-4810,9375;-5061,1875;0,19641044;0,273971865;0,095042525;1283,028475;6997,021541;121,9422664
19;21;1;1;2;3;0;0;51073;58726;-0,875;-4810,9375;-5061,1875;0,19641044;0,273971865;0,095042525;1283,028475;6997,021541;121,9422664
19;21;1;1;2;5;0;3;43698;55762;-0,875;-4810,9375;-5061,1875;0,19641044;0,273971865;0,095042525;1283,028475;6997,021541;121,9422664
19;21;1;1;2;3;0;6;40671;58333;-0,875;-4810,9375;-5061,1875;0,19641044;0,273971865;0,095042525;1283,028475;6997,021541;121,9422664
19;21;1;1;2;2;0;6;32361;47541;-0,875;-4810,9375;-5061,1875;0,19641044;0,273971865;0,095042525;1283,028475;6997,021541;121,9422664
19;21;1;1;2;1;0;0;19029;39495;-0,875;-4810,9375;-5061,1875;0,19641044;0,273971865;0,095042525;1283,028475;6997,021541;121,9422664
19;21;1;1;2;3;0;0;28428;42862;-0,875;-4810,9375;-5061,1875;0,19641044;0,273971865;0,095042525;1283,028475;6997,021541;121,9422664
19;21;1;1;2;5;0;6;11905;24281;-0,875;-4810,9375;-5061,1875;0,19641044;0,273971865;0,095042525;1283,028475;6997,021541;121,9422664
19;21;1;1;2;2;0;3;63578;77358;-0,875;-4810,9375;-5061,1875;0,19641044;0,273971865;0,095042525;1283,028475;6997,021541;121,9422664
19;21;1;1;2;2;0;3;19733;38014;-0,875;-4810,9375;-5061,1875;0,19641044;0,273971865;0,095042525;1283,028475;6997,021541;121,9422664
19;21;1;1;2;1;0;2;34419;48221;-0,875;-4810,9375;-5061,1875;0,19641044;0,273971865;0,095042525;1283,028475;6997,021541;121,9422664
19;21;1;1;2;1;0;0;31088;59546;-0,875;-4810,9375;-5061,1875;0,19641044;0,273971865;0,095042525;1283,028475;6997,021541;121,9422664
19;21;1;1;2;5;0;6;49153;83652;-0,875;-4810,9375;-5061,1875;0,19641044;0,273971865;0,095042525;1283,028475;6997,021541;121,9422664
19;21;1;2;2;3;0;6;50694;60767;-0,875;-4810,9375;-5061,1875;0,19641044;0,273971865;0,095042525;1283,028475;6997,021541;121,9422664
19;21;1;2;2;1;0;6;48565;67351;-0,875;-4810,9375;-5061,1875;0,19641044;0,273971865;0,095042525;1283,028475;6997,021541;121,9422664
19;21;1;2;2;2;0;6;22140;34484;-0,875;-4810,9375;-5061,1875;0,19641044;0,273971865;0,095042525;1283,028475;6997,021541;121,9422664
19;21;1;2;2;1;0;6;49641;63939;-0,875;-4810,9375;-5061,1875;0,19641044;0,273971865;0,095042525;1283,028475;6997,021541;121,9422664
19;21;1;2;2;3;0;3;43277;92727;-0,875;-4810,9375;-5061,1875;0,19641044;0,273971865;0,095042525;1283,028475;6997,021541;121,9422664
19;21;1;2;2;5;0;6;56836;74662;-0,875;-4810,9375;-5061,1875;0,19641044;0,273971865;0,095042525;1283,028475;6997,021541;121,9422664
19;21;1;2;2;1;0;6;48068;58314;-0,875;-4810,9375;-5061,1875;0,19641044;0,273971865;0,095042525;1283,028475;6997,021541;121,9422664
19;21;1;2;2;5;0;2;28882;35416;-0,875;-4810,9375;-5061,1875;0,19641044;0,273971865;0,095042525;1283,028475;6997,021541;121,9422664
19;21;1;2;2;5;0;0;45166;76079;-0,875;-4810,9375;-5061,1875;0,19641044;0,273971865;0,095042525;1283,028475;6997,021541;121,9422664
19;21;1;2;2;2;0;6;27453;49002;-0,875;-4810,9375;-5061,1875;0,19641044;0,273971865;0,095042525;1283,028475;6997,021541;121,9422664
19;21;1;2;2;1;0;6;18547;27184;-0,875;-4810,9375;-5061,1875;0,19641044;0,273971865;0,095042525;1283,028475;6997,021541;121,9422664
19;21;1;2;2;5;0;0;42935;53965;-0,875;-4810,9375;-5061,1875;0,19641044;0,273971865;0,095042525;1283,028475;6997,021541;121,9422664
19;21;1;2;2;3;0;0;26592;36522;-0,875;-4810,9375;-5061,1875;0,19641044;0,273971865;0,095042525;1283,028475;6997,021541;121,9422664
19;21;1;2;2;3;0;6;33811;38847;-0,875;-4810,9375;-5061,1875;0,19641044;0,273971865;0,095042525;1283,028475;6997,021541;121,9422664
19;21;1;2;2;2;0;2;28977;51851;-0,875;-4810,9375;-5061,1875;0,19641044;0,273971865;0,095042525;1283,028475;6997,021541;121,9422664
19;21;1;2;2;2;0;0;34933;64257;-0,875;-4810,9375;-5061,1875;0,19641044;0,273971865;0,095042525;1283,028475;6997,021541;121,9422664
20;4;1;1;2;2;0;1;19656;23874;0,75;-3949,4375;-177,5;0,124316434;0,150215204;0,22788182;2340,621303;6576,621367;533,3850431
20;4;1;1;2;3;0;2;24567;30107;0,75;-3949,4375;-177,5;0,124316434;0,150215204;0,22788182;2340,621303;6576,621367;533,3850431
20;4;1;1;2;5;0;3;27973;42226;0,75;-3949,4375;-177,5;0,124316434;0,150215204;0,22788182;2340,621303;6576,621367;533,3850431
20;4;1;1;2;2;0;6;22394;55895;0,75;-3949,4375;-177,5;0,124316434;0,150215204;0,22788182;2340,621303;6576,621367;533,3850431
20;4;1;1;2;2;0;6;18107;31920;0,75;-3949,4375;-177,5;0,124316434;0,150215204;0,22788182;2340,621303;6576,621367;533,3850431
20;4;1;1;2;2;0;6;12968;24917;0,75;-3949,4375;-177,5;0,124316434;0,150215204;0,22788182;2340,621303;6576,621367;533,3850431
20;4;1;1;2;1;1;6;19599;35934;0,75;-3949,4375;-177,5;0,124316434;0,150215204;0,22788182;2340,621303;6576,621367;533,3850431
20;4;1;1;2;1;0;3;18395;34035;0,75;-3949,4375;-177,5;0,124316434;0,150215204;0,22788182;2340,621303;6576,621367;533,3850431
20;4;1;1;2;5;0;3;11693;23786;0,75;-3949,4375;-177,5;0,124316434;0,150215204;0,22788182;2340,621303;6576,621367;533,3850431
20;4;1;1;2;3;0;0;28897;38364;0,75;-3949,4375;-177,5;0,124316434;0,150215204;0,22788182;2340,621303;6576,621367;533,3850431
20;4;1;1;2;5;0;6;16521;26449;0,75;-3949,4375;-177,5;0,124316434;0,150215204;0,22788182;2340,621303;6576,621367;533,3850431
20;4;1;1;2;5;0;4;18014;25280;0,75;-3949,4375;-177,5;0,124316434;0,150215204;0,22788182;2340,621303;6576,621367;533,3850431
20;4;1;1;2;3;0;0;15805;25576;0,75;-3949,4375;-177,5;0,124316434;0,150215204;0,22788182;2340,621303;6576,621367;533,3850431
20;4;1;1;2;3;0;6;20841;33685;0,75;-3949,4375;-177,5;0,124316434;0,150215204;0,22788182;2340,621303;6576,621367;533,3850431
20;4;1;1;2;1;0;0;20705;31106;0,75;-3949,4375;-177,5;0,124316434;0,150215204;0,22788182;2340,621303;6576,621367;533,3850431
20;4;1;1;2;1;0;6;11411;19535;0,75;-3949,4375;-177,5;0,124316434;0,150215204;0,22788182;2340,621303;6576,621367;533,3850431
20;4;1;2;2;1;0;0;18341;30694;0,75;-3949,4375;-177,5;0,124316434;0,150215204;0,22788182;2340,621303;6576,621367;533,3850431
20;4;1;2;2;1;0;2;38812;45524;0,75;-3949,4375;-177,5;0,124316434;0,150215204;0,22788182;2340,621303;6576,621367;533,3850431
20;4;1;2;2;1;0;6;10764;16435;0,75;-3949,4375;-177,5;0,124316434;0,150215204;0,22788182;2340,621303;6576,621367;533,3850431
20;4;1;2;2;2;0;6;12002;25477;0,75;-3949,4375;-177,5;0,124316434;0,150215204;0,22788182;2340,621303;6576,621367;533,3850431
20;4;1;2;2;3;0;6;24556;41566;0,75;-3949,4375;-177,5;0,124316434;0,150215204;0,22788182;2340,621303;6576,621367;533,3850431
20;4;1;2;2;3;0;2;21199;35216;0,75;-3949,4375;-177,5;0,124316434;0,150215204;0,22788182;2340,621303;6576,621367;533,3850431
20;4;1;2;2;5;0;2;63068;74664;0,75;-3949,4375;-177,5;0,124316434;0,150215204;0,22788182;2340,621303;6576,621367;533,3850431
20;4;1;2;2;3;0;0;33251;38865;0,75;-3949,4375;-177,5;0,124316434;0,150215204;0,22788182;2340,621303;6576,621367;533,3850431
20;4;1;2;2;3;0;2;20714;24964;0,75;-3949,4375;-177,5;0,124316434;0,150215204;0,22788182;2340,621303;6576,621367;533,3850431
20;4;1;2;2;2;0;6;12269;19933;0,75;-3949,4375;-177,5;0,124316434;0,150215204;0,22788182;2340,621303;6576,621367;533,3850431
20;4;1;2;2;2;0;6;27573;35816;0,75;-3949,4375;-177,5;0,124316434;0,150215204;0,22788182;2340,621303;6576,621367;533,3850431
20;4;1;2;2;5;1;2;24261;32014;0,75;-3949,4375;-177,5;0,124316434;0,150215204;0,22788182;2340,621303;6576,621367;533,3850431
20;4;1;2;2;5;0;0;21113;25193;0,75;-3949,4375;-177,5;0,124316434;0,150215204;0,22788182;2340,621303;6576,621367;533,3850431
20;4;1;2;2;5;0;3;18180;23816;0,75;-3949,4375;-177,5;0,124316434;0,150215204;0,22788182;2340,621303;6576,621367;533,3850431
20;4;1;2;2;1;0;3;10081;14538;0,75;-3949,4375;-177,5;0,124316434;0,150215204;0,22788182;2340,621303;6576,621367;533,3850431
20;4;1;2;2;2;0;0;14553;20814;0,75;-3949,4375;-177,5;0,124316434;0,150215204;0,22788182;2340,621303;6576,621367;533,3850431
21;15;1;1;2;3;0;0;24815;38309;-1,25;957,8125;5911,1875;0,270202756;0,299930562;0,271040406;3314,010959;6911,751478;898,2308744
21;15;1;1;2;1;1;6;11227;17363;-1,25;957,8125;5911,1875;0,270202756;0,299930562;0,271040406;3314,010959;6911,751478;898,2308744
21;15;1;1;2;2;0;3;13519;28076;-1,25;957,8125;5911,1875;0,270202756;0,299930562;0,271040406;3314,010959;6911,751478;898,2308744
21;15;1;1;2;5;0;6;10923;18619;-1,25;957,8125;5911,1875;0,270202756;0,299930562;0,271040406;3314,010959;6911,751478;898,2308744
21;15;1;1;2;1;0;3;15120;33324;-1,25;957,8125;5911,1875;0,270202756;0,299930562;0,271040406;3314,010959;6911,751478;898,2308744
21;15;1;1;2;2;0;6;14429;27258;-1,25;957,8125;5911,1875;0,270202756;0,299930562;0,271040406;3314,010959;6911,751478;898,2308744
21;15;1;1;2;5;1;3;12829;24941;-1,25;957,8125;5911,1875;0,270202756;0,299930562;0,271040406;3314,010959;6911,751478;898,2308744
21;15;1;1;2;5;0;2;9842;24096;-1,25;957,8125;5911,1875;0,270202756;0,299930562;0,271040406;3314,010959;6911,751478;898,2308744
21;15;1;1;2;2;0;6;10251;18432;-1,25;957,8125;5911,1875;0,270202756;0,299930562;0,271040406;3314,010959;6911,751478;898,2308744
21;15;1;1;2;3;0;2;11742;28673;-1,25;957,8125;5911,1875;0,270202756;0,299930562;0,271040406;3314,010959;6911,751478;898,2308744
21;15;1;1;2;1;1;1;8614;22853;-1,25;957,8125;5911,1875;0,270202756;0,299930562;0,271040406;3314,010959;6911,751478;898,2308744
21;15;1;1;2;3;0;2;16894;25027;-1,25;957,8125;5911,1875;0,270202756;0,299930562;0,271040406;3314,010959;6911,751478;898,2308744
21;15;1;1;2;2;0;4;15485;34316;-1,25;957,8125;5911,1875;0,270202756;0,299930562;0,271040406;3314,010959;6911,751478;898,2308744
21;15;1;1;2;3;1;4;17574;22783;-1,25;957,8125;5911,1875;0,270202756;0,299930562;0,271040406;3314,010959;6911,751478;898,2308744
21;15;1;1;2;1;0;0;19781;23269;-1,25;957,8125;5911,1875;0,270202756;0,299930562;0,271040406;3314,010959;6911,751478;898,2308744
21;15;1;1;2;5;0;2;15306;36118;-1,25;957,8125;5911,1875;0,270202756;0,299930562;0,271040406;3314,010959;6911,751478;898,2308744
21;15;1;2;2;5;0;3;15535;20485;-1,25;957,8125;5911,1875;0,270202756;0,299930562;0,271040406;3314,010959;6911,751478;898,2308744
21;15;1;2;2;1;0;6;12055;23068;-1,25;957,8125;5911,1875;0,270202756;0,299930562;0,271040406;3314,010959;6911,751478;898,2308744
21;15;1;2;2;1;0;4;14318;21213;-1,25;957,8125;5911,1875;0,270202756;0,299930562;0,271040406;3314,010959;6911,751478;898,2308744
21;15;1;2;2;1;0;6;10481;18787;-1,25;957,8125;5911,1875;0,270202756;0,299930562;0,271040406;3314,010959;6911,751478;898,2308744
21;15;1;2;2;5;0;6;14886;25493;-1,25;957,8125;5911,1875;0,270202756;0,299930562;0,271040406;3314,010959;6911,751478;898,2308744
21;15;1;2;2;1;1;0;17267;20411;-1,25;957,8125;5911,1875;0,270202756;0,299930562;0,271040406;3314,010959;6911,751478;898,2308744
21;15;1;2;2;5;1;4;10839;18383;-1,25;957,8125;5911,1875;0,270202756;0,299930562;0,271040406;3314,010959;6911,751478;898,2308744
21;15;1;2;2;3;0;6;11300;18672;-1,25;957,8125;5911,1875;0,270202756;0,299930562;0,271040406;3314,010959;6911,751478;898,2308744
21;15;1;2;2;3;1;2;15024;21828;-1,25;957,8125;5911,1875;0,270202756;0,299930562;0,271040406;3314,010959;6911,751478;898,2308744
21;15;1;2;2;3;1;6;14105;25018;-1,25;957,8125;5911,1875;0,270202756;0,299930562;0,271040406;3314,010959;6911,751478;898,2308744
21;15;1;2;2;2;0;6;10628;16185;-1,25;957,8125;5911,1875;0,270202756;0,299930562;0,271040406;3314,010959;6911,751478;898,2308744
21;15;1;2;2;2;0;6;11859;15137;-1,25;957,8125;5911,1875;0,270202756;0,299930562;0,271040406;3314,010959;6911,751478;898,2308744
21;15;1;2;2;3;0;3;13731;24410;-1,25;957,8125;5911,1875;0,270202756;0,299930562;0,271040406;3314,010959;6911,751478;898,2308744
21;15;1;2;2;2;1;6;11881;17069;-1,25;957,8125;5911,1875;0,270202756;0,299930562;0,271040406;3314,010959;6911,751478;898,2308744
21;15;1;2;2;2;0;3;13556;19120;-1,25;957,8125;5911,1875;0,270202756;0,299930562;0,271040406;3314,010959;6911,751478;898,2308744
21;15;1;2;2;5;0;3;15561;23599;-1,25;957,8125;5911,1875;0,270202756;0,299930562;0,271040406;3314,010959;6911,751478;898,2308744
22;8;1;1;1;3;0;1;5830;12209;-0,0625;-1562,75;-749,9375;0,388400994;0,480557239;0,187980151;3146,633321;6989,588015;591,504606
22;8;1;1;1;2;0;6;8644;13276;-0,0625;-1562,75;-749,9375;0,388400994;0,480557239;0,187980151;3146,633321;6989,588015;591,504606
22;8;1;1;1;1;0;6;9050;18439;-0,0625;-1562,75;-749,9375;0,388400994;0,480557239;0,187980151;3146,633321;6989,588015;591,504606
22;8;1;1;1;3;0;2;14575;19272;-0,0625;-1562,75;-749,9375;0,388400994;0,480557239;0,187980151;3146,633321;6989,588015;591,504606
22;8;1;1;1;3;0;6;8537;21053;-0,0625;-1562,75;-749,9375;0,388400994;0,480557239;0,187980151;3146,633321;6989,588015;591,504606
22;8;1;1;1;1;0;6;8539;13842;-0,0625;-1562,75;-749,9375;0,388400994;0,480557239;0,187980151;3146,633321;6989,588015;591,504606
22;8;1;1;1;5;0;6;5630;11860;-0,0625;-1562,75;-749,9375;0,388400994;0,480557239;0,187980151;3146,633321;6989,588015;591,504606
22;8;1;1;1;2;0;3;8029;15257;-0,0625;-1562,75;-749,9375;0,388400994;0,480557239;0,187980151;3146,633321;6989,588015;591,504606
22;8;1;1;1;3;0;2;8838;16956;-0,0625;-1562,75;-749,9375;0,388400994;0,480557239;0,187980151;3146,633321;6989,588015;591,504606
22;8;1;1;1;5;0;6;10267;14558;-0,0625;-1562,75;-749,9375;0,388400994;0,480557239;0,187980151;3146,633321;6989,588015;591,504606
22;8;1;1;1;1;1;6;9795;13750;-0,0625;-1562,75;-749,9375;0,388400994;0,480557239;0,187980151;3146,633321;6989,588015;591,504606
22;8;1;1;1;1;0;0;11410;13658;-0,0625;-1562,75;-749,9375;0,388400994;0,480557239;0,187980151;3146,633321;6989,588015;591,504606
22;8;1;1;1;5;0;3;9743;15924;-0,0625;-1562,75;-749,9375;0,388400994;0,480557239;0,187980151;3146,633321;6989,588015;591,504606
22;8;1;1;1;2;0;3;9012;17040;-0,0625;-1562,75;-749,9375;0,388400994;0,480557239;0,187980151;3146,633321;6989,588015;591,504606
22;8;1;1;1;5;0;1;11759;15690;-0,0625;-1562,75;-749,9375;0,388400994;0,480557239;0,187980151;3146,633321;6989,588015;591,504606
22;8;1;1;1;2;0;6;7815;14791;-0,0625;-1562,75;-749,9375;0,388400994;0,480557239;0,187980151;3146,633321;6989,588015;591,504606
22;8;1;2;1;2;0;6;8054;14056;-0,0625;-1562,75;-749,9375;0,388400994;0,480557239;0,187980151;3146,633321;6989,588015;591,504606
22;8;1;2;1;3;0;6;11056;17267;-0,0625;-1562,75;-749,9375;0,388400994;0,480557239;0,187980151;3146,633321;6989,588015;591,504606
22;8;1;2;1;5;0;0;14740;18055;-0,0625;-1562,75;-749,9375;0,388400994;0,480557239;0,187980151;3146,633321;6989,588015;591,504606
22;8;1;2;1;3;0;0;14784;20162;-0,0625;-1562,75;-749,9375;0,388400994;0,480557239;0,187980151;3146,633321;6989,588015;591,504606
22;8;1;2;1;5;0;3;16871;21786;-0,0625;-1562,75;-749,9375;0,388400994;0,480557239;0,187980151;3146,633321;6989,588015;591,504606
22;8;1;2;1;1;0;6;6828;11281;-0,0625;-1562,75;-749,9375;0,388400994;0,480557239;0,187980151;3146,633321;6989,588015;591,504606
22;8;1;2;1;5;0;6;8377;20998;-0,0625;-1562,75;-749,9375;0,388400994;0,480557239;0,187980151;3146,633321;6989,588015;591,504606
22;8;1;2;1;3;0;3;13571;21880;-0,0625;-1562,75;-749,9375;0,388400994;0,480557239;0,187980151;3146,633321;6989,588015;591,504606
22;8;1;2;1;1;0;2;11151;16623;-0,0625;-1562,75;-749,9375;0,388400994;0,480557239;0,187980151;3146,633321;6989,588015;591,504606
22;8;1;2;1;2;0;2;8576;12157;-0,0625;-1562,75;-749,9375;0,388400994;0,480557239;0,187980151;3146,633321;6989,588015;591,504606
22;8;1;2;1;1;0;3;5904;9194;-0,0625;-1562,75;-749,9375;0,388400994;0,480557239;0,187980151;3146,633321;6989,588015;591,504606
22;8;1;2;1;5;1;6;11712;16140;-0,0625;-1562,75;-749,9375;0,388400994;0,480557239;0,187980151;3146,633321;6989,588015;591,504606
22;8;1;2;1;2;0;3;8534;11457;-0,0625;-1562,75;-749,9375;0,388400994;0,480557239;0,187980151;3146,633321;6989,588015;591,504606
22;8;1;2;1;3;1;6;14286;21624;-0,0625;-1562,75;-749,9375;0,388400994;0,480557239;0,187980151;3146,633321;6989,588015;591,504606
22;8;1;2;1;2;1;6;9008;12566;-0,0625;-1562,75;-749,9375;0,388400994;0,480557239;0,187980151;3146,633321;6989,588015;591,504606
22;8;1;2;1;1;1;6;9025;14328;-0,0625;-1562,75;-749,9375;0,388400994;0,480557239;0,187980151;3146,633321;6989,588015;591,504606
23;11;2;1;2;3;1;0;11336;18579;0,125;412,1875;-3528,5;0,228523115;0,281029872;0,2259437;1987,593219;7496,083683;449,0841652
23;11;2;1;2;3;0;0;10301;21230;0,125;412,1875;-3528,5;0,228523115;0,281029872;0,2259437;1987,593219;7496,083683;449,0841652
23;11;2;1;2;5;1;0;7817;20319;0,125;412,1875;-3528,5;0,228523115;0,281029872;0,2259437;1987,593219;7496,083683;449,0841652
23;11;2;1;2;5;0;2;7246;18251;0,125;412,1875;-3528,5;0,228523115;0,281029872;0,2259437;1987,593219;7496,083683;449,0841652
23;11;2;1;2;1;1;2;18051;24297;0,125;412,1875;-3528,5;0,228523115;0,281029872;0,2259437;1987,593219;7496,083683;449,0841652
23;11;2;1;2;5;0;3;9021;15053;0,125;412,1875;-3528,5;0,228523115;0,281029872;0,2259437;1987,593219;7496,083683;449,0841652
23;11;2;1;2;3;0;2;6611;8627;0,125;412,1875;-3528,5;0,228523115;0,281029872;0,2259437;1987,593219;7496,083683;449,0841652
23;11;2;1;2;5;0;0;7277;19805;0,125;412,1875;-3528,5;0,228523115;0,281029872;0,2259437;1987,593219;7496,083683;449,0841652
23;11;2;1;2;3;0;0;4408;10258;0,125;412,1875;-3528,5;0,228523115;0,281029872;0,2259437;1987,593219;7496,083683;449,0841652
23;11;2;1;2;2;1;2;10531;19493;0,125;412,1875;-3528,5;0,228523115;0,281029872;0,2259437;1987,593219;7496,083683;449,0841652
23;11;2;1;2;1;0;0;5449;11191;0,125;412,1875;-3528,5;0,228523115;0,281029872;0,2259437;1987,593219;7496,083683;449,0841652
23;11;2;1;2;2;0;2;10650;16219;0,125;412,1875;-3528,5;0,228523115;0,281029872;0,2259437;1987,593219;7496,083683;449,0841652
23;11;2;1;2;2;0;6;7869;16118;0,125;412,1875;-3528,5;0,228523115;0,281029872;0,2259437;1987,593219;7496,083683;449,0841652
23;11;2;1;2;2;0;2;4626;11697;0,125;412,1875;-3528,5;0,228523115;0,281029872;0,2259437;1987,593219;7496,083683;449,0841652
23;11;2;1;2;1;0;0;7543;10241;0,125;412,1875;-3528,5;0,228523115;0,281029872;0,2259437;1987,593219;7496,083683;449,0841652
23;11;2;1;2;1;0;2;5115;8027;0,125;412,1875;-3528,5;0,228523115;0,281029872;0,2259437;1987,593219;7496,083683;449,0841652
23;11;2;2;2;5;0;1;7404;12639;0,125;412,1875;-3528,5;0,228523115;0,281029872;0,2259437;1987,593219;7496,083683;449,0841652
23;11;2;2;2;3;0;1;7118;11589;0,125;412,1875;-3528,5;0,228523115;0,281029872;0,2259437;1987,593219;7496,083683;449,0841652
23;11;2;2;2;3;0;0;12522;14206;0,125;412,1875;-3528,5;0,228523115;0,281029872;0,2259437;1987,593219;7496,083683;449,0841652
23;11;2;2;2;1;0;2;10997;16374;0,125;412,1875;-3528,5;0,228523115;0,281029872;0,2259437;1987,593219;7496,083683;449,0841652
23;11;2;2;2;5;0;0;8540;12822;0,125;412,1875;-3528,5;0,228523115;0,281029872;0,2259437;1987,593219;7496,083683;449,0841652
23;11;2;2;2;3;0;6;7726;12242;0,125;412,1875;-3528,5;0,228523115;0,281029872;0,2259437;1987,593219;7496,083683;449,0841652
23;11;2;2;2;3;0;4;11901;15652;0,125;412,1875;-3528,5;0,228523115;0,281029872;0,2259437;1987,593219;7496,083683;449,0841652
23;11;2;2;2;2;0;3;8192;9726;0,125;412,1875;-3528,5;0,228523115;0,281029872;0,2259437;1987,593219;7496,083683;449,0841652
23;11;2;2;2;1;0;3;9318;13840;0,125;412,1875;-3528,5;0,228523115;0,281029872;0,2259437;1987,593219;7496,083683;449,0841652
23;11;2;2;2;5;0;0;6003;8435;0,125;412,1875;-3528,5;0,228523115;0,281029872;0,2259437;1987,593219;7496,083683;449,0841652
23;11;2;2;2;5;0;2;7542;10442;0,125;412,1875;-3528,5;0,228523115;0,281029872;0,2259437;1987,593219;7496,083683;449,0841652
23;11;2;2;2;2;0;2;6504;10232;0,125;412,1875;-3528,5;0,228523115;0,281029872;0,2259437;1987,593219;7496,083683;449,0841652
23;11;2;2;2;1;0;1;9183;12222;0,125;412,1875;-3528,5;0,228523115;0,281029872;0,2259437;1987,593219;7496,083683;449,0841652
23;11;2;2;2;2;0;0;11972;13621;0,125;412,1875;-3528,5;0,228523115;0,281029872;0,2259437;1987,593219;7496,083683;449,0841652
23;11;2;2;2;2;0;0;6366;7876;0,125;412,1875;-3528,5;0,228523115;0,281029872;0,2259437;1987,593219;7496,083683;449,0841652
23;11;2;2;2;1;0;0;9158;11031;0,125;412,1875;-3528,5;0,228523115;0,281029872;0,2259437;1987,593219;7496,083683;449,0841652
24;7;1;1;6;2;0;6;11371;15624;-0,5;-206,9375;-2164,6875;0,216887296;0,259071467;0,146162697;2083,223303;6682,970307;304,4895357
24;7;1;1;6;5;0;6;8392;12194;-0,5;-206,9375;-2164,6875;0,216887296;0,259071467;0,146162697;2083,223303;6682,970307;304,4895357
24;7;1;1;6;2;0;3;6878;10444;-0,5;-206,9375;-2164,6875;0,216887296;0,259071467;0,146162697;2083,223303;6682,970307;304,4895357
24;7;1;1;6;5;0;4;11920;19755;-0,5;-206,9375;-2164,6875;0,216887296;0,259071467;0,146162697;2083,223303;6682,970307;304,4895357
24;7;1;1;6;2;0;0;13953;19965;-0,5;-206,9375;-2164,6875;0,216887296;0,259071467;0,146162697;2083,223303;6682,970307;304,4895357
24;7;1;1;6;1;0;6;14460;22581;-0,5;-206,9375;-2164,6875;0,216887296;0,259071467;0,146162697;2083,223303;6682,970307;304,4895357
24;7;1;1;6;3;0;2;17205;21297;-0,5;-206,9375;-2164,6875;0,216887296;0,259071467;0,146162697;2083,223303;6682,970307;304,4895357
24;7;1;1;6;5;0;0;22798;27773;-0,5;-206,9375;-2164,6875;0,216887296;0,259071467;0,146162697;2083,223303;6682,970307;304,4895357
24;7;1;1;6;1;0;6;11756;14204;-0,5;-206,9375;-2164,6875;0,216887296;0,259071467;0,146162697;2083,223303;6682,970307;304,4895357
24;7;1;1;6;2;0;6;10566;18948;-0,5;-206,9375;-2164,6875;0,216887296;0,259071467;0,146162697;2083,223303;6682,970307;304,4895357
24;7;1;1;6;5;0;2;19603;26941;-0,5;-206,9375;-2164,6875;0,216887296;0,259071467;0,146162697;2083,223303;6682,970307;304,4895357
24;7;1;1;6;1;0;6;10604;16085;-0,5;-206,9375;-2164,6875;0,216887296;0,259071467;0,146162697;2083,223303;6682,970307;304,4895357
24;7;1;1;6;1;0;6;11834;16439;-0,5;-206,9375;-2164,6875;0,216887296;0,259071467;0,146162697;2083,223303;6682,970307;304,4895357
24;7;1;1;6;3;0;6;9182;12976;-0,5;-206,9375;-2164,6875;0,216887296;0,259071467;0,146162697;2083,223303;6682,970307;304,4895357
24;7;1;1;6;3;0;1;19832;22846;-0,5;-206,9375;-2164,6875;0,216887296;0,259071467;0,146162697;2083,223303;6682,970307;304,4895357
24;7;1;1;6;3;0;0;13321;19648;-0,5;-206,9375;-2164,6875;0,216887296;0,259071467;0,146162697;2083,223303;6682,970307;304,4895357
24;7;1;2;6;1;0;6;8205;15128;-0,5;-206,9375;-2164,6875;0,216887296;0,259071467;0,146162697;2083,223303;6682,970307;304,4895357
24;7;1;2;6;5;0;2;11764;27075;-0,5;-206,9375;-2164,6875;0,216887296;0,259071467;0,146162697;2083,223303;6682,970307;304,4895357
24;7;1;2;6;5;0;4;14233;25067;-0,5;-206,9375;-2164,6875;0,216887296;0,259071467;0,146162697;2083,223303;6682,970307;304,4895357
24;7;1;2;6;3;0;6;11265;14903;-0,5;-206,9375;-2164,6875;0,216887296;0,259071467;0,146162697;2083,223303;6682,970307;304,4895357
24;7;1;2;6;3;0;2;28706;32985;-0,5;-206,9375;-2164,6875;0,216887296;0,259071467;0,146162697;2083,223303;6682,970307;304,4895357
24;7;1;2;6;2;0;0;7064;13404;-0,5;-206,9375;-2164,6875;0,216887296;0,259071467;0,146162697;2083,223303;6682,970307;304,4895357
24;7;1;2;6;1;0;6;13051;18483;-0,5;-206,9375;-2164,6875;0,216887296;0,259071467;0,146162697;2083,223303;6682,970307;304,4895357
24;7;1;2;6;2;0;6;9517;12163;-0,5;-206,9375;-2164,6875;0,216887296;0,259071467;0,146162697;2083,223303;6682,970307;304,4895357
24;7;1;2;6;5;0;6;13392;19433;-0,5;-206,9375;-2164,6875;0,216887296;0,259071467;0,146162697;2083,223303;6682,970307;304,4895357
24;7;1;2;6;3;0;6;10813;20947;-0,5;-206,9375;-2164,6875;0,216887296;0,259071467;0,146162697;2083,223303;6682,970307;304,4895357
24;7;1;2;6;2;0;6;8851;13472;-0,5;-206,9375;-2164,6875;0,216887296;0,259071467;0,146162697;2083,223303;6682,970307;304,4895357
24;7;1;2;6;3;0;6;13640;19215;-0,5;-206,9375;-2164,6875;0,216887296;0,259071467;0,146162697;2083,223303;6682,970307;304,4895357
24;7;1;2;6;2;0;6;12233;16936;-0,5;-206,9375;-2164,6875;0,216887296;0,259071467;0,146162697;2083,223303;6682,970307;304,4895357
24;7;1;2;6;1;0;6;11806;15153;-0,5;-206,9375;-2164,6875;0,216887296;0,259071467;0,146162697;2083,223303;6682,970307;304,4895357
24;7;1;2;6;5;0;0;18049;33940;-0,5;-206,9375;-2164,6875;0,216887296;0,259071467;0,146162697;2083,223303;6682,970307;304,4895357
24;7;1;2;6;1;0;0;24397;34051;-0,5;-206,9375;-2164,6875;0,216887296;0,259071467;0,146162697;2083,223303;6682,970307;304,4895357
